Date,BLK,GS,JPM,STT,^GSPC
1927-12-26,,,,,17.65999984741211
1928-01-02,,,,,17.65999984741211
1928-01-09,,,,,17.579999923706055
1928-01-16,,,,,17.479999542236328
1928-01-23,,,,,17.690000534057617
1928-01-30,,,,,17.399999618530273
1928-02-06,,,,,17.540000915527344
1928-02-13,,,,,17.040000915527344
1928-02-20,,,,,17.18000030517578
1928-02-27,,,,,17.299999237060547
1928-03-05,,,,,17.93000030517578
1928-03-12,,,,,18.260000228881836
1928-03-19,,,,,18.780000686645508
1928-03-26,,,,,19.280000686645508
1928-04-02,,,,,19.229999542236328
1928-04-09,,,,,19.729999542236328
1928-04-16,,,,,19.34000015258789
1928-04-23,,,,,19.68000030517578
1928-04-30,,,,,20.239999771118164
1928-05-07,,,,,20.360000610351562
1928-05-14,,,,,19.920000076293945
1928-05-21,,,,,19.899999618530273
1928-05-28,,,,,20.06999969482422
1928-06-04,,,,,19.3700008392334
1928-06-11,,,,,18.739999771118164
1928-06-18,,,,,18.540000915527344
1928-06-25,,,,,19.139999389648438
1928-07-02,,,,,19.389999389648438
1928-07-09,,,,,18.959999084472656
1928-07-16,,,,,19.030000686645508
1928-07-23,,,,,19.420000076293945
1928-07-30,,,,,19.360000610351562
1928-08-06,,,,,19.25
1928-08-13,,,,,19.639999389648438
1928-08-20,,,,,20.34000015258789
1928-08-27,,,,,20.8700008392334
1928-09-03,,,,,21.09000015258789
1928-09-10,,,,,21.139999389648438
1928-09-17,,,,,21.360000610351562
1928-09-24,,,,,21.139999389648438
1928-10-01,,,,,21.219999313354492
1928-10-08,,,,,21.510000228881836
1928-10-15,,,,,21.959999084472656
1928-10-22,,,,,21.649999618530273
1928-10-29,,,,,21.950000762939453
1928-11-05,,,,,22.549999237060547
1928-11-12,,,,,23.3700008392334
1928-11-19,,,,,23.700000762939453
1928-11-26,,,,,24.280000686645508
1928-12-03,,,,,22.360000610351562
1928-12-10,,,,,22.530000686645508
1928-12-17,,,,,23.329999923706055
1928-12-24,,,,,23.979999542236328
1928-12-31,,,,,24.850000381469727
1929-01-07,,,,,24.540000915527344
1929-01-14,,,,,24.770000457763672
1929-01-21,,,,,25.479999542236328
1929-01-28,,,,,25.84000015258789
1929-02-04,,,,,24.440000534057617
1929-02-11,,,,,24.350000381469727
1929-02-18,,,,,24.860000610351562
1929-02-25,,,,,25.829999923706055
1929-03-04,,,,,25.309999465942383
1929-03-11,,,,,26.079999923706055
1929-03-18,,,,,25.549999237060547
1929-03-25,,,,,25.530000686645508
1929-04-01,,,,,25.049999237060547
1929-04-08,,,,,25.149999618530273
1929-04-15,,,,,25.40999984741211
1929-04-22,,,,,25.579999923706055
1929-04-29,,,,,26.3700008392334
1929-05-06,,,,,26.34000015258789
1929-05-13,,,,,26.09000015258789
1929-05-20,,,,,25.1200008392334
1929-05-27,,,,,24.829999923706055
1929-06-03,,,,,25.530000686645508
1929-06-10,,,,,25.93000030517578
1929-06-17,,,,,26.6200008392334
1929-06-24,,,,,27.40999984741211
1929-07-01,,,,,28.31999969482422
1929-07-08,,,,,28.56999969482422
1929-07-15,,,,,28.760000228881836
1929-07-22,,,,,28.65999984741211
1929-07-29,,,,,29.559999465942383
1929-08-05,,,,,28.3799991607666
1929-08-12,,,,,30.219999313354492
1929-08-19,,,,,31.09000015258789
1929-08-26,,,,,31.709999084472656
1929-09-02,,,,,31.829999923706055
1929-09-09,,,,,31.3799991607666
1929-09-16,,,,,31.389999389648438
1929-09-23,,,,,30.270000457763672
1929-09-30,,,,,28.649999618530273
1929-10-07,,,,,30.760000228881836
1929-10-14,,,,,28.84000015258789
1929-10-21,,,,,26.1200008392334
1929-10-28,,,,,24.149999618530273
1929-11-04,,,,,21.18000030517578
1929-11-11,,,,,20.299999237060547
1929-11-18,,,,,21.530000686645508
1929-11-25,,,,,20.920000076293945
1929-12-02,,,,,22.450000762939453
1929-12-09,,,,,21.700000762939453
1929-12-16,,,,,20.15999984741211
1929-12-23,,,,,20.81999969482422
1929-12-30,,,,,21.229999542236328
1930-01-06,,,,,21.549999237060547
1930-01-13,,,,,21.309999465942383
1930-01-20,,,,,22.040000915527344
1930-01-27,,,,,22.790000915527344
1930-02-03,,,,,22.969999313354492
1930-02-10,,,,,23.350000381469727
1930-02-17,,,,,22.920000076293945
1930-02-24,,,,,23.280000686645508
1930-03-03,,,,,23.59000015258789
1930-03-10,,,,,23.450000762939453
1930-03-17,,,,,24.290000915527344
1930-03-24,,,,,24.850000381469727
1930-03-31,,,,,25.540000915527344
1930-04-07,,,,,25.84000015258789
1930-04-14,,,,,25.75
1930-04-21,,,,,25.31999969482422
1930-04-28,,,,,23.56999969482422
1930-05-05,,,,,23.690000534057617
1930-05-12,,,,,24.280000686645508
1930-05-19,,,,,24.030000686645508
1930-05-26,,,,,24.489999771118164
1930-06-02,,,,,23.520000457763672
1930-06-09,,,,,22.260000228881836
1930-06-16,,,,,20.25
1930-06-23,,,,,19.809999465942383
1930-06-30,,,,,20.25
1930-07-07,,,,,20.549999237060547
1930-07-14,,,,,21.770000457763672
1930-07-21,,,,,21.5
1930-07-28,,,,,21.110000610351562
1930-08-04,,,,,20.270000457763672
1930-08-11,,,,,20.700000762939453
1930-08-18,,,,,20.790000915527344
1930-08-25,,,,,21.3700008392334
1930-09-01,,,,,21.34000015258789
1930-09-08,,,,,21.5
1930-09-15,,,,,20.68000030517578
1930-09-22,,,,,19.43000030517578
1930-09-29,,,,,19.420000076293945
1930-10-06,,,,,18.110000610351562
1930-10-13,,,,,17.15999984741211
1930-10-20,,,,,17.739999771118164
1930-10-27,,,,,16.940000534057617
1930-11-03,,,,,16.09000015258789
1930-11-10,,,,,16.889999389648438
1930-11-17,,,,,17.200000762939453
1930-11-24,,,,,16.3799991607666
1930-12-01,,,,,16.43000030517578
1930-12-08,,,,,15.430000305175781
1930-12-15,,,,,15.390000343322754
1930-12-22,,,,,14.850000381469727
1930-12-29,,,,,15.850000381469727
1931-01-05,,,,,16.06999969482422
1931-01-12,,,,,15.649999618530273
1931-01-19,,,,,16.420000076293945
1931-01-26,,,,,16.190000534057617
1931-02-02,,,,,16.270000457763672
1931-02-09,,,,,17.18000030517578
1931-02-16,,,,,17.709999084472656
1931-02-23,,,,,18.030000686645508
1931-03-02,,,,,17.31999969482422
1931-03-09,,,,,17.31999969482422
1931-03-16,,,,,18.059999465942383
1931-03-23,,,,,17.209999084472656
1931-03-30,,,,,16.450000762939453
1931-04-06,,,,,16.459999084472656
1931-04-13,,,,,15.729999542236328
1931-04-20,,,,,15.289999961853027
1931-04-27,,,,,14.649999618530273
1931-05-04,,,,,15.4399995803833
1931-05-11,,,,,14.4399995803833
1931-05-18,,,,,13.9399995803833
1931-05-25,,,,,13.020000457763672
1931-06-01,,,,,13.399999618530273
1931-06-08,,,,,13.75
1931-06-15,,,,,13.220000267028809
1931-06-22,,,,,15.350000381469727
1931-06-29,,,,,15.260000228881836
1931-07-06,,,,,14.630000114440918
1931-07-13,,,,,14.270000457763672
1931-07-20,,,,,13.970000267028809
1931-07-27,,,,,13.729999542236328
1931-08-03,,,,,13.609999656677246
1931-08-10,,,,,14.289999961853027
1931-08-17,,,,,13.859999656677246
1931-08-24,,,,,13.989999771118164
1931-08-31,,,,,13.289999961853027
1931-09-07,,,,,12.6899995803833
1931-09-14,,,,,11.460000038146973
1931-09-21,,,,,10.920000076293945
1931-09-28,,,,,9.699999809265137
1931-10-05,,,,,10.550000190734863
1931-10-12,,,,,10.359999656677246
1931-10-19,,,,,10.84000015258789
1931-10-26,,,,,10.430000305175781
1931-11-02,,,,,11.109999656677246
1931-11-09,,,,,10.720000267028809
1931-11-16,,,,,9.850000381469727
1931-11-23,,,,,9.3100004196167
1931-11-30,,,,,9.020000457763672
1931-12-07,,,,,8.3100004196167
1931-12-14,,,,,8.359999656677246
1931-12-21,,,,,7.960000038146973
1931-12-28,,,,,8.119999885559082
1932-01-04,,,,,8.569999694824219
1932-01-11,,,,,8.920000076293945
1932-01-18,,,,,8.210000038146973
1932-01-25,,,,,7.940000057220459
1932-02-01,,,,,7.78000020980835
1932-02-08,,,,,8.119999885559082
1932-02-15,,,,,8.720000267028809
1932-02-22,,,,,8.34000015258789
1932-02-29,,,,,8.720000267028809
1932-03-07,,,,,8.520000457763672
1932-03-14,,,,,8.020000457763672
1932-03-21,,,,,7.860000133514404
1932-03-28,,,,,7.179999828338623
1932-04-04,,,,,6.260000228881836
1932-04-11,,,,,6.420000076293945
1932-04-18,,,,,5.960000038146973
1932-04-25,,,,,5.829999923706055
1932-05-02,,,,,6.090000152587891
1932-05-09,,,,,5.599999904632568
1932-05-16,,,,,5.480000019073486
1932-05-23,,,,,4.829999923706055
1932-05-30,,,,,4.889999866485596
1932-06-06,,,,,4.920000076293945
1932-06-13,,,,,4.829999923706055
1932-06-20,,,,,4.599999904632568
1932-06-27,,,,,4.599999904632568
1932-07-04,,,,,4.409999847412109
1932-07-11,,,,,4.929999828338623
1932-07-18,,,,,5.199999809265137
1932-07-25,,,,,6.03000020980835
1932-08-01,,,,,6.800000190734863
1932-08-08,,,,,7.0
1932-08-15,,,,,7.53000020980835
1932-08-22,,,,,8.390000343322754
1932-08-29,,,,,8.84000015258789
1932-09-05,,,,,8.75
1932-09-12,,,,,7.570000171661377
1932-09-19,,,,,8.399999618530273
1932-09-26,,,,,8.079999923706055
1932-10-03,,,,,7.019999980926514
1932-10-10,,,,,7.130000114440918
1932-10-17,,,,,6.820000171661377
1932-10-24,,,,,7.090000152587891
1932-10-31,,,,,6.880000114440918
1932-11-07,,,,,7.679999828338623
1932-11-14,,,,,7.130000114440918
1932-11-21,,,,,6.78000020980835
1932-11-28,,,,,6.46999979019165
1932-12-05,,,,,7.079999923706055
1932-12-12,,,,,7.0
1932-12-19,,,,,6.570000171661377
1932-12-26,,,,,6.920000076293945
1933-01-02,,,,,7.230000019073486
1933-01-09,,,,,7.25
1933-01-16,,,,,7.059999942779541
1933-01-23,,,,,7.039999961853027
1933-01-30,,,,,6.53000020980835
1933-02-06,,,,,6.659999847412109
1933-02-13,,,,,6.230000019073486
1933-02-20,,,,,5.900000095367432
1933-02-27,,,,,5.840000152587891
1933-03-13,,,,,6.630000114440918
1933-03-20,,,,,6.25
1933-03-27,,,,,5.849999904632568
1933-04-03,,,,,6.119999885559082
1933-04-10,,,,,6.670000076293945
1933-04-17,,,,,7.440000057220459
1933-04-24,,,,,7.829999923706055
1933-05-01,,,,,8.739999771118164
1933-05-08,,,,,9.029999732971191
1933-05-15,,,,,8.819999694824219
1933-05-22,,,,,9.34000015258789
1933-05-29,,,,,10.130000114440918
1933-06-05,,,,,10.40999984741211
1933-06-12,,,,,9.8100004196167
1933-06-19,,,,,10.5600004196167
1933-06-26,,,,,10.90999984741211
1933-07-03,,,,,11.960000038146973
1933-07-10,,,,,11.850000381469727
1933-07-17,,,,,9.649999618530273
1933-07-24,,,,,10.430000305175781
1933-07-31,,,,,10.130000114440918
1933-08-07,,,,,10.59000015258789
1933-08-14,,,,,10.579999923706055
1933-08-21,,,,,11.279999732971191
1933-08-28,,,,,11.229999542236328
1933-09-04,,,,,10.65999984741211
1933-09-11,,,,,10.819999694824219
1933-09-18,,,,,10.260000228881836
1933-09-25,,,,,9.720000267028809
1933-10-02,,,,,10.050000190734863
1933-10-09,,,,,9.850000381469727
1933-10-16,,,,,8.859999656677246
1933-10-23,,,,,9.539999961853027
1933-10-30,,,,,9.539999961853027
1933-11-06,,,,,9.720000267028809
1933-11-13,,,,,9.920000076293945
1933-11-20,,,,,10.010000228881836
1933-11-27,,,,,9.90999984741211
1933-12-04,,,,,10.100000381469727
1933-12-11,,,,,10.069999694824219
1933-12-18,,,,,9.859999656677246
1933-12-25,,,,,9.970000267028809
1934-01-01,,,,,9.8100004196167
1934-01-08,,,,,10.069999694824219
1934-01-15,,,,,10.930000305175781
1934-01-22,,,,,11.020000457763672
1934-01-29,,,,,11.449999809265137
1934-02-05,,,,,11.180000305175781
1934-02-12,,,,,11.539999961853027
1934-02-19,,,,,11.130000114440918
1934-02-26,,,,,11.069999694824219
1934-03-05,,,,,10.729999542236328
1934-03-12,,,,,10.819999694824219
1934-03-19,,,,,10.529999732971191
1934-03-26,,,,,10.619999885559082
1934-04-02,,,,,10.949999809265137
1934-04-09,,,,,10.949999809265137
1934-04-16,,,,,11.15999984741211
1934-04-23,,,,,10.800000190734863
1934-04-30,,,,,10.319999694824219
1934-05-07,,,,,9.550000190734863
1934-05-14,,,,,9.850000381469727
1934-05-21,,,,,9.699999809265137
1934-05-28,,,,,9.380000114440918
1934-06-04,,,,,10.170000076293945
1934-06-11,,,,,10.229999542236328
1934-06-18,,,,,9.760000228881836
1934-06-25,,,,,9.8100004196167
1934-07-02,,,,,9.90999984741211
1934-07-09,,,,,9.930000305175781
1934-07-16,,,,,9.470000267028809
1934-07-23,,,,,8.600000381469727
1934-07-30,,,,,8.899999618530273
1934-08-06,,,,,8.930000305175781
1934-08-13,,,,,9.0600004196167
1934-08-20,,,,,9.520000457763672
1934-08-27,,,,,9.149999618530273
1934-09-03,,,,,8.920000076293945
1934-09-10,,,,,8.470000267028809
1934-09-17,,,,,8.949999809265137
1934-09-24,,,,,9.079999923706055
1934-10-01,,,,,9.0
1934-10-08,,,,,9.1899995803833
1934-10-15,,,,,9.029999732971191
1934-10-22,,,,,8.800000190734863
1934-10-29,,,,,8.869999885559082
1934-11-05,,,,,9.300000190734863
1934-11-12,,,,,9.180000305175781
1934-11-19,,,,,9.270000457763672
1934-11-26,,,,,9.539999961853027
1934-12-03,,,,,9.460000038146973
1934-12-10,,,,,9.109999656677246
1934-12-17,,,,,9.039999961853027
1934-12-24,,,,,9.40999984741211
1934-12-31,,,,,9.510000228881836
1935-01-07,,,,,9.25
1935-01-14,,,,,9.180000305175781
1935-01-21,,,,,9.229999542236328
1935-01-28,,,,,9.050000190734863
1935-02-04,,,,,9.029999732971191
1935-02-11,,,,,9.0600004196167
1935-02-18,,,,,9.029999732971191
1935-02-25,,,,,8.789999961853027
1935-03-04,,,,,8.539999961853027
1935-03-11,,,,,8.229999542236328
1935-03-18,,,,,8.550000190734863
1935-03-25,,,,,8.449999809265137
1935-04-01,,,,,8.779999732971191
1935-04-08,,,,,8.949999809265137
1935-04-15,,,,,9.140000343322754
1935-04-22,,,,,9.399999618530273
1935-04-29,,,,,9.420000076293945
1935-05-06,,,,,9.75
1935-05-13,,,,,10.010000228881836
1935-05-20,,,,,10.020000457763672
1935-05-27,,,,,9.579999923706055
1935-06-03,,,,,9.899999618530273
1935-06-10,,,,,10.220000267028809
1935-06-17,,,,,10.380000114440918
1935-06-24,,,,,10.239999771118164
1935-07-01,,,,,10.470000267028809
1935-07-08,,,,,10.619999885559082
1935-07-15,,,,,10.579999923706055
1935-07-22,,,,,10.789999961853027
1935-07-29,,,,,10.949999809265137
1935-08-05,,,,,11.489999771118164
1935-08-12,,,,,10.619999885559082
1935-08-19,,,,,11.5600004196167
1935-08-26,,,,,11.239999771118164
1935-09-02,,,,,11.649999618530273
1935-09-09,,,,,11.800000190734863
1935-09-16,,,,,11.260000228881836
1935-09-23,,,,,11.5600004196167
1935-09-30,,,,,11.359999656677246
1935-10-07,,,,,11.75
1935-10-14,,,,,11.8100004196167
1935-10-21,,,,,12.430000305175781
1935-10-28,,,,,12.609999656677246
1935-11-04,,,,,12.920000076293945
1935-11-11,,,,,13.25
1935-11-18,,,,,13.140000343322754
1935-11-25,,,,,12.9399995803833
1935-12-02,,,,,13.149999618530273
1935-12-09,,,,,12.84000015258789
1935-12-16,,,,,12.880000114440918
1935-12-23,,,,,13.109999656677246
1935-12-30,,,,,13.550000190734863
1936-01-06,,,,,13.779999732971191
1936-01-13,,,,,13.75
1936-01-20,,,,,13.850000381469727
1936-01-27,,,,,14.3100004196167
1936-02-03,,,,,14.319999694824219
1936-02-10,,,,,14.65999984741211
1936-02-17,,,,,14.829999923706055
1936-02-24,,,,,14.600000381469727
1936-03-02,,,,,15.100000381469727
1936-03-09,,,,,14.239999771118164
1936-03-16,,,,,15.039999961853027
1936-03-23,,,,,14.819999694824219
1936-03-30,,,,,15.270000457763672
1936-04-06,,,,,15.390000343322754
1936-04-13,,,,,15.100000381469727
1936-04-20,,,,,14.4399995803833
1936-04-27,,,,,13.869999885559082
1936-05-04,,,,,13.899999618530273
1936-05-11,,,,,14.289999961853027
1936-05-18,,,,,14.09000015258789
1936-05-25,,,,,14.399999618530273
1936-06-01,,,,,14.119999885559082
1936-06-08,,,,,14.59000015258789
1936-06-15,,,,,14.829999923706055
1936-06-22,,,,,14.949999809265137
1936-06-29,,,,,15.020000457763672
1936-07-06,,,,,15.350000381469727
1936-07-13,,,,,15.65999984741211
1936-07-20,,,,,15.829999923706055
1936-07-27,,,,,15.850000381469727
1936-08-03,,,,,16.079999923706055
1936-08-10,,,,,15.869999885559082
1936-08-17,,,,,15.319999694824219
1936-08-24,,,,,15.920000076293945
1936-08-31,,,,,16.020000457763672
1936-09-07,,,,,16.110000610351562
1936-09-14,,,,,16.030000686645508
1936-09-21,,,,,15.880000114440918
1936-09-28,,,,,16.350000381469727
1936-10-05,,,,,16.8700008392334
1936-10-12,,,,,17.040000915527344
1936-10-19,,,,,17.09000015258789
1936-10-26,,,,,17.229999542236328
1936-11-02,,,,,17.43000030517578
1936-11-09,,,,,17.239999771118164
1936-11-16,,,,,17.1299991607666
1936-11-23,,,,,17.34000015258789
1936-11-30,,,,,17.010000228881836
1936-12-07,,,,,17.139999389648438
1936-12-14,,,,,17.0
1936-12-21,,,,,17.059999465942383
1936-12-28,,,,,17.18000030517578
1937-01-04,,,,,17.479999542236328
1937-01-11,,,,,17.739999771118164
1937-01-18,,,,,17.8700008392334
1937-01-25,,,,,17.770000457763672
1937-02-01,,,,,17.860000610351562
1937-02-08,,,,,18.31999969482422
1937-02-15,,,,,18.3700008392334
1937-02-22,,,,,18.059999465942383
1937-03-01,,,,,18.6200008392334
1937-03-08,,,,,18.360000610351562
1937-03-15,,,,,17.719999313354492
1937-03-22,,,,,17.68000030517578
1937-03-29,,,,,17.489999771118164
1937-04-05,,,,,17.030000686645508
1937-04-12,,,,,17.15999984741211
1937-04-19,,,,,16.850000381469727
1937-04-26,,,,,16.43000030517578
1937-05-03,,,,,16.649999618530273
1937-05-10,,,,,15.8100004196167
1937-05-17,,,,,16.270000457763672
1937-05-24,,,,,16.260000228881836
1937-05-31,,,,,16.280000686645508
1937-06-07,,,,,15.729999542236328
1937-06-14,,,,,15.510000228881836
1937-06-21,,,,,15.520000457763672
1937-06-28,,,,,15.699999809265137
1937-07-05,,,,,16.31999969482422
1937-07-12,,,,,16.420000076293945
1937-07-19,,,,,16.940000534057617
1937-07-26,,,,,16.770000457763672
1937-08-02,,,,,16.850000381469727
1937-08-09,,,,,17.270000457763672
1937-08-16,,,,,16.489999771118164
1937-08-23,,,,,15.880000114440918
1937-08-30,,,,,15.460000038146973
1937-09-06,,,,,14.1899995803833
1937-09-13,,,,,14.569999694824219
1937-09-20,,,,,13.199999809265137
1937-09-27,,,,,13.720000267028809
1937-10-04,,,,,12.75
1937-10-11,,,,,11.84000015258789
1937-10-18,,,,,11.84000015258789
1937-10-25,,,,,12.350000381469727
1937-11-01,,,,,11.460000038146973
1937-11-08,,,,,11.90999984741211
1937-11-15,,,,,10.510000228881836
1937-11-22,,,,,10.670000076293945
1937-11-29,,,,,11.34000015258789
1937-12-06,,,,,11.100000381469727
1937-12-13,,,,,11.0
1937-12-20,,,,,11.0600004196167
1937-12-27,,,,,10.550000190734863
1938-01-03,,,,,11.319999694824219
1938-01-10,,,,,11.699999809265137
1938-01-17,,,,,11.4399995803833
1938-01-24,,,,,10.550000190734863
1938-01-31,,,,,10.539999961853027
1938-02-07,,,,,10.930000305175781
1938-02-14,,,,,11.020000457763672
1938-02-21,,,,,11.569999694824219
1938-02-28,,,,,11.130000114440918
1938-03-07,,,,,10.579999923706055
1938-03-14,,,,,10.1899995803833
1938-03-21,,,,,9.350000381469727
1938-03-28,,,,,8.90999984741211
1938-04-04,,,,,9.619999885559082
1938-04-11,,,,,10.199999809265137
1938-04-18,,,,,10.449999809265137
1938-04-25,,,,,9.779999732971191
1938-05-02,,,,,10.430000305175781
1938-05-09,,,,,10.260000228881836
1938-05-16,,,,,9.960000038146973
1938-05-23,,,,,9.279999732971191
1938-05-30,,,,,9.420000076293945
1938-06-06,,,,,9.800000190734863
1938-06-13,,,,,9.670000076293945
1938-06-20,,,,,11.149999618530273
1938-06-27,,,,,11.90999984741211
1938-07-04,,,,,11.890000343322754
1938-07-11,,,,,12.0
1938-07-18,,,,,12.550000190734863
1938-07-25,,,,,12.329999923706055
1938-08-01,,,,,12.65999984741211
1938-08-08,,,,,11.920000076293945
1938-08-15,,,,,12.3100004196167
1938-08-22,,,,,12.5
1938-08-29,,,,,12.260000228881836
1938-09-05,,,,,12.020000457763672
1938-09-12,,,,,11.430000305175781
1938-09-19,,,,,11.359999656677246
1938-09-26,,,,,12.239999771118164
1938-10-03,,,,,12.850000381469727
1938-10-10,,,,,13.149999618530273
1938-10-17,,,,,13.25
1938-10-24,,,,,13.140000343322754
1938-10-31,,,,,13.170000076293945
1938-11-07,,,,,13.699999809265137
1938-11-14,,,,,12.84000015258789
1938-11-21,,,,,12.819999694824219
1938-11-28,,,,,12.479999542236328
1938-12-05,,,,,12.319999694824219
1938-12-12,,,,,12.899999618530273
1938-12-19,,,,,12.8100004196167
1938-12-26,,,,,13.140000343322754
1939-01-02,,,,,13.069999694824219
1939-01-09,,,,,12.329999923706055
1939-01-16,,,,,12.75
1939-01-23,,,,,11.859999656677246
1939-01-30,,,,,12.300000190734863
1939-02-06,,,,,12.329999923706055
1939-02-13,,,,,12.399999618530273
1939-02-20,,,,,12.539999961853027
1939-02-27,,,,,12.859999656677246
1939-03-06,,,,,13.100000381469727
1939-03-13,,,,,12.210000038146973
1939-03-20,,,,,12.069999694824219
1939-03-27,,,,,10.979999542236328
1939-04-03,,,,,10.65999984741211
1939-04-10,,,,,10.630000114440918
1939-04-17,,,,,10.960000038146973
1939-04-24,,,,,10.930000305175781
1939-05-01,,,,,11.210000038146973
1939-05-08,,,,,11.210000038146973
1939-05-15,,,,,10.989999771118164
1939-05-22,,,,,11.489999771118164
1939-05-29,,,,,11.479999542236328
1939-06-05,,,,,11.800000190734863
1939-06-12,,,,,11.279999732971191
1939-06-19,,,,,11.5
1939-06-26,,,,,10.859999656677246
1939-07-03,,,,,11.130000114440918
1939-07-10,,,,,11.550000190734863
1939-07-17,,,,,12.09000015258789
1939-07-24,,,,,12.140000343322754
1939-07-31,,,,,11.899999618530273
1939-08-07,,,,,11.5600004196167
1939-08-14,,,,,11.329999923706055
1939-08-21,,,,,11.09000015258789
1939-08-28,,,,,11.300000190734863
1939-09-04,,,,,12.6899995803833
1939-09-11,,,,,13.069999694824219
1939-09-18,,,,,12.920000076293945
1939-09-25,,,,,12.789999961853027
1939-10-02,,,,,12.800000190734863
1939-10-09,,,,,12.739999771118164
1939-10-16,,,,,12.9399995803833
1939-10-23,,,,,13.020000457763672
1939-10-30,,,,,12.949999809265137
1939-11-06,,,,,12.640000343322754
1939-11-13,,,,,12.75
1939-11-20,,,,,12.489999771118164
1939-11-27,,,,,12.289999961853027
1939-12-04,,,,,12.359999656677246
1939-12-11,,,,,12.399999618530273
1939-12-18,,,,,12.4399995803833
1939-12-25,,,,,12.460000038146973
1940-01-01,,,,,12.65999984741211
1940-01-08,,,,,12.130000114440918
1940-01-15,,,,,12.149999618530273
1940-01-22,,,,,12.149999618530273
1940-01-29,,,,,12.0600004196167
1940-02-05,,,,,12.369999885559082
1940-02-12,,,,,12.289999961853027
1940-02-19,,,,,12.229999542236328
1940-02-26,,,,,12.0600004196167
1940-03-04,,,,,12.199999809265137
1940-03-11,,,,,12.069999694824219
1940-03-18,,,,,12.140000343322754
1940-03-25,,,,,12.180000305175781
1940-04-01,,,,,12.479999542236328
1940-04-08,,,,,12.319999694824219
1940-04-15,,,,,12.039999961853027
1940-04-22,,,,,12.079999923706055
1940-04-29,,,,,12.119999885559082
1940-05-06,,,,,11.760000228881836
1940-05-13,,,,,9.949999809265137
1940-05-20,,,,,9.15999984741211
1940-05-27,,,,,9.270000457763672
1940-06-03,,,,,9.34000015258789
1940-06-10,,,,,9.9399995803833
1940-06-17,,,,,9.90999984741211
1940-06-24,,,,,9.979999542236328
1940-07-01,,,,,9.9399995803833
1940-07-08,,,,,9.949999809265137
1940-07-15,,,,,9.970000267028809
1940-07-22,,,,,9.970000267028809
1940-07-29,,,,,10.25
1940-08-05,,,,,10.270000457763672
1940-08-12,,,,,9.84000015258789
1940-08-19,,,,,10.1899995803833
1940-08-26,,,,,10.5
1940-09-02,,,,,10.850000381469727
1940-09-09,,,,,10.3100004196167
1940-09-16,,,,,10.59000015258789
1940-09-23,,,,,10.579999923706055
1940-09-30,,,,,10.779999732971191
1940-10-07,,,,,10.579999923706055
1940-10-14,,,,,10.720000267028809
1940-10-21,,,,,10.729999542236328
1940-10-28,,,,,11.079999923706055
1940-11-04,,,,,11.229999542236328
1940-11-11,,,,,11.170000076293945
1940-11-18,,,,,10.789999961853027
1940-11-25,,,,,10.569999694824219
1940-12-02,,,,,10.529999732971191
1940-12-09,,,,,10.6899995803833
1940-12-16,,,,,10.40999984741211
1940-12-23,,,,,10.4399995803833
1940-12-30,,,,,10.720000267028809
1941-01-06,,,,,10.859999656677246
1941-01-13,,,,,10.520000457763672
1941-01-20,,,,,10.449999809265137
1941-01-27,,,,,10.069999694824219
1941-02-03,,,,,10.15999984741211
1941-02-10,,,,,9.529999732971191
1941-02-17,,,,,9.760000228881836
1941-02-24,,,,,9.920000076293945
1941-03-03,,,,,9.899999618530273
1941-03-10,,,,,9.979999542236328
1941-03-17,,,,,9.930000305175781
1941-03-24,,,,,9.9399995803833
1941-03-31,,,,,10.140000343322754
1941-04-07,,,,,9.6899995803833
1941-04-14,,,,,9.399999618530273
1941-04-21,,,,,9.399999618530273
1941-04-28,,,,,9.329999923706055
1941-05-05,,,,,9.449999809265137
1941-05-12,,,,,9.350000381469727
1941-05-19,,,,,9.4399995803833
1941-05-26,,,,,9.380000114440918
1941-06-02,,,,,9.489999771118164
1941-06-09,,,,,9.850000381469727
1941-06-16,,,,,9.760000228881836
1941-06-23,,,,,9.890000343322754
1941-06-30,,,,,9.90999984741211
1941-07-07,,,,,10.279999732971191
1941-07-14,,,,,10.25
1941-07-21,,,,,10.34000015258789
1941-07-28,,,,,10.34000015258789
1941-08-04,,,,,10.229999542236328
1941-08-11,,,,,10.029999732971191
1941-08-18,,,,,10.149999618530273
1941-08-25,,,,,10.279999732971191
1941-09-01,,,,,10.210000038146973
1941-09-08,,,,,10.229999542236328
1941-09-15,,,,,10.289999961853027
1941-09-22,,,,,10.09000015258789
1941-09-29,,,,,10.130000114440918
1941-10-06,,,,,9.84000015258789
1941-10-13,,,,,9.619999885559082
1941-10-20,,,,,9.819999694824219
1941-10-27,,,,,9.5
1941-11-03,,,,,9.550000190734863
1941-11-10,,,,,9.300000190734863
1941-11-17,,,,,9.380000114440918
1941-11-24,,,,,9.119999885559082
1941-12-01,,,,,9.319999694824219
1941-12-08,,,,,8.729999542236328
1941-12-15,,,,,8.489999771118164
1941-12-22,,,,,8.420000076293945
1941-12-29,,,,,8.890000343322754
1942-01-05,,,,,8.850000381469727
1942-01-12,,,,,8.960000038146973
1942-01-19,,,,,8.84000015258789
1942-01-26,,,,,8.850000381469727
1942-02-02,,,,,8.850000381469727
1942-02-09,,,,,8.619999885559082
1942-02-16,,,,,8.470000267028809
1942-02-23,,,,,8.59000015258789
1942-03-02,,,,,8.15999984741211
1942-03-09,,,,,8.029999732971191
1942-03-16,,,,,8.109999656677246
1942-03-23,,,,,8.050000190734863
1942-03-30,,,,,8.109999656677246
1942-04-06,,,,,7.980000019073486
1942-04-13,,,,,7.699999809265137
1942-04-20,,,,,7.550000190734863
1942-04-27,,,,,7.710000038146973
1942-05-04,,,,,7.889999866485596
1942-05-11,,,,,7.880000114440918
1942-05-18,,,,,8.010000228881836
1942-05-25,,,,,8.149999618530273
1942-06-01,,,,,8.369999885559082
1942-06-08,,,,,8.319999694824219
1942-06-15,,,,,8.399999618530273
1942-06-22,,,,,8.229999542236328
1942-06-29,,,,,8.4399995803833
1942-07-06,,,,,8.800000190734863
1942-07-13,,,,,8.720000267028809
1942-07-20,,,,,8.630000114440918
1942-07-27,,,,,8.5600004196167
1942-08-03,,,,,8.489999771118164
1942-08-10,,,,,8.579999923706055
1942-08-17,,,,,8.710000038146973
1942-08-24,,,,,8.609999656677246
1942-08-31,,,,,8.609999656677246
1942-09-07,,,,,8.539999961853027
1942-09-14,,,,,8.65999984741211
1942-09-21,,,,,8.899999618530273
1942-09-28,,,,,9.050000190734863
1942-10-05,,,,,9.34000015258789
1942-10-12,,,,,9.350000381469727
1942-10-19,,,,,9.430000305175781
1942-10-26,,,,,9.359999656677246
1942-11-02,,,,,9.579999923706055
1942-11-09,,,,,9.569999694824219
1942-11-16,,,,,9.479999542236328
1942-11-23,,,,,9.34000015258789
1942-11-30,,,,,9.34000015258789
1942-12-07,,,,,9.369999885559082
1942-12-14,,,,,9.680000305175781
1942-12-21,,,,,9.739999771118164
1942-12-28,,,,,9.770000457763672
1943-01-04,,,,,9.920000076293945
1943-01-11,,,,,10.09000015258789
1943-01-18,,,,,10.170000076293945
1943-01-25,,,,,10.4399995803833
1943-02-01,,,,,10.510000228881836
1943-02-08,,,,,10.670000076293945
1943-02-15,,,,,10.640000343322754
1943-02-22,,,,,10.970000267028809
1943-03-01,,,,,11.050000190734863
1943-03-08,,,,,11.050000190734863
1943-03-15,,,,,10.880000114440918
1943-03-22,,,,,11.300000190734863
1943-03-29,,,,,11.5600004196167
1943-04-05,,,,,11.140000343322754
1943-04-12,,,,,11.329999923706055
1943-04-19,,,,,11.479999542236328
1943-04-26,,,,,11.59000015258789
1943-05-03,,,,,11.8100004196167
1943-05-10,,,,,11.699999809265137
1943-05-17,,,,,11.899999618530273
1943-05-24,,,,,12.050000190734863
1943-05-31,,,,,12.180000305175781
1943-06-07,,,,,12.079999923706055
1943-06-14,,,,,11.960000038146973
1943-06-21,,,,,12.210000038146973
1943-06-28,,,,,12.350000381469727
1943-07-05,,,,,12.40999984741211
1943-07-12,,,,,12.539999961853027
1943-07-19,,,,,12.510000228881836
1943-07-26,,,,,11.850000381469727
1943-08-02,,,,,11.630000114440918
1943-08-09,,,,,11.84000015258789
1943-08-16,,,,,11.8100004196167
1943-08-23,,,,,11.670000076293945
1943-08-30,,,,,11.819999694824219
1943-09-06,,,,,11.930000305175781
1943-09-13,,,,,12.100000381469727
1943-09-20,,,,,12.100000381469727
1943-09-27,,,,,12.09000015258789
1943-10-04,,,,,11.720000267028809
1943-10-11,,,,,11.829999923706055
1943-10-18,,,,,11.890000343322754
1943-10-25,,,,,11.90999984741211
1943-11-01,,,,,11.59000015258789
1943-11-08,,,,,11.289999961853027
1943-11-15,,,,,11.300000190734863
1943-11-22,,,,,11.149999618530273
1943-11-29,,,,,11.229999542236328
1943-12-06,,,,,11.489999771118164
1943-12-13,,,,,11.5600004196167
1943-12-20,,,,,11.609999656677246
1943-12-27,,,,,11.670000076293945
1944-01-03,,,,,11.869999885559082
1944-01-10,,,,,11.859999656677246
1944-01-17,,,,,11.899999618530273
1944-01-24,,,,,11.8100004196167
1944-01-31,,,,,11.600000381469727
1944-02-07,,,,,11.739999771118164
1944-02-14,,,,,11.779999732971191
1944-02-21,,,,,11.800000190734863
1944-02-28,,,,,11.899999618530273
1944-03-06,,,,,12.100000381469727
1944-03-13,,,,,12.3100004196167
1944-03-20,,,,,12.130000114440918
1944-03-27,,,,,12.020000457763672
1944-04-03,,,,,12.039999961853027
1944-04-10,,,,,11.949999809265137
1944-04-17,,,,,11.800000190734863
1944-04-24,,,,,11.869999885559082
1944-05-01,,,,,12.079999923706055
1944-05-08,,,,,12.0
1944-05-15,,,,,12.119999885559082
1944-05-22,,,,,12.220000267028809
1944-05-29,,,,,12.300000190734863
1944-06-05,,,,,12.270000457763672
1944-06-12,,,,,12.819999694824219
1944-06-19,,,,,12.899999618530273
1944-06-26,,,,,12.979999542236328
1944-07-03,,,,,13.15999984741211
1944-07-10,,,,,13.229999542236328
1944-07-17,,,,,12.779999732971191
1944-07-24,,,,,12.699999809265137
1944-07-31,,,,,12.609999656677246
1944-08-07,,,,,12.829999923706055
1944-08-14,,,,,13.039999961853027
1944-08-21,,,,,12.800000190734863
1944-08-28,,,,,12.859999656677246
1944-09-04,,,,,12.40999984741211
1944-09-11,,,,,12.449999809265137
1944-09-18,,,,,12.649999618530273
1944-09-25,,,,,12.739999771118164
1944-10-02,,,,,12.970000267028809
1944-10-09,,,,,13.020000457763672
1944-10-16,,,,,13.020000457763672
1944-10-23,,,,,12.75
1944-10-30,,,,,12.890000343322754
1944-11-06,,,,,12.979999542236328
1944-11-13,,,,,12.670000076293945
1944-11-20,,,,,12.75
1944-11-27,,,,,12.800000190734863
1944-12-04,,,,,13.09000015258789
1944-12-11,,,,,13.270000457763672
1944-12-18,,,,,13.119999885559082
1944-12-25,,,,,13.279999732971191
1945-01-01,,,,,13.460000038146973
1945-01-08,,,,,13.640000343322754
1945-01-15,,,,,13.4399995803833
1945-01-22,,,,,13.460000038146973
1945-01-29,,,,,13.600000381469727
1945-02-05,,,,,13.680000305175781
1945-02-12,,,,,14.050000190734863
1945-02-19,,,,,14.15999984741211
1945-02-26,,,,,14.229999542236328
1945-03-05,,,,,13.819999694824219
1945-03-12,,,,,14.09000015258789
1945-03-19,,,,,13.739999771118164
1945-03-26,,,,,13.609999656677246
1945-04-02,,,,,13.770000457763672
1945-04-09,,,,,14.199999809265137
1945-04-16,,,,,14.489999771118164
1945-04-23,,,,,14.699999809265137
1945-04-30,,,,,14.920000076293945
1945-05-07,,,,,14.619999885559082
1945-05-14,,,,,14.869999885559082
1945-05-21,,,,,14.789999961853027
1945-05-28,,,,,15.029999732971191
1945-06-04,,,,,14.930000305175781
1945-06-11,,,,,15.100000381469727
1945-06-18,,,,,15.279999732971191
1945-06-25,,,,,14.869999885559082
1945-07-02,,,,,14.90999984741211
1945-07-09,,,,,15.050000190734863
1945-07-16,,,,,14.65999984741211
1945-07-23,,,,,14.449999809265137
1945-07-30,,,,,14.680000305175781
1945-08-06,,,,,14.779999732971191
1945-08-13,,,,,14.619999885559082
1945-08-20,,,,,15.050000190734863
1945-08-27,,,,,15.510000228881836
1945-09-03,,,,,15.729999542236328
1945-09-10,,,,,15.859999656677246
1945-09-17,,,,,15.949999809265137
1945-09-24,,,,,16.049999237060547
1945-10-01,,,,,16.3799991607666
1945-10-08,,,,,16.579999923706055
1945-10-15,,,,,16.59000015258789
1945-10-22,,,,,16.489999771118164
1945-10-29,,,,,16.860000610351562
1945-11-05,,,,,17.100000381469727
1945-11-12,,,,,17.0
1945-11-19,,,,,16.850000381469727
1945-11-26,,,,,17.190000534057617
1945-12-03,,,,,17.540000915527344
1945-12-10,,,,,17.309999465942383
1945-12-17,,,,,16.979999542236328
1945-12-24,,,,,17.309999465942383
1945-12-31,,,,,17.229999542236328
1946-01-07,,,,,18.1299991607666
1946-01-14,,,,,18.299999237060547
1946-01-21,,,,,18.09000015258789
1946-01-28,,,,,18.639999389648438
1946-02-04,,,,,18.549999237060547
1946-02-11,,,,,18.440000534057617
1946-02-18,,,,,17.719999313354492
1946-02-25,,,,,17.209999084472656
1946-03-04,,,,,17.489999771118164
1946-03-11,,,,,17.280000686645508
1946-03-18,,,,,17.700000762939453
1946-03-25,,,,,18.040000915527344
1946-04-01,,,,,18.540000915527344
1946-04-08,,,,,18.770000457763672
1946-04-15,,,,,18.899999618530273
1946-04-22,,,,,18.579999923706055
1946-04-29,,,,,18.459999084472656
1946-05-06,,,,,18.739999771118164
1946-05-13,,,,,18.600000381469727
1946-05-20,,,,,18.780000686645508
1946-05-27,,,,,19.18000030517578
1946-06-03,,,,,18.81999969482422
1946-06-10,,,,,18.790000915527344
1946-06-17,,,,,18.229999542236328
1946-06-24,,,,,18.43000030517578
1946-07-01,,,,,18.43000030517578
1946-07-08,,,,,18.270000457763672
1946-07-15,,,,,17.979999542236328
1946-07-22,,,,,17.600000381469727
1946-07-29,,,,,18.020000457763672
1946-08-05,,,,,18.049999237060547
1946-08-12,,,,,17.84000015258789
1946-08-19,,,,,17.579999923706055
1946-08-26,,,,,16.649999618530273
1946-09-02,,,,,15.84000015258789
1946-09-09,,,,,15.3100004196167
1946-09-16,,,,,14.6899995803833
1946-09-23,,,,,15.109999656677246
1946-09-30,,,,,14.8100004196167
1946-10-07,,,,,14.630000114440918
1946-10-14,,,,,14.970000267028809
1946-10-21,,,,,14.699999809265137
1946-10-28,,,,,15.069999694824219
1946-11-04,,,,,14.850000381469727
1946-11-11,,,,,14.729999542236328
1946-11-18,,,,,14.130000114440918
1946-11-25,,,,,14.680000305175781
1946-12-02,,,,,14.699999809265137
1946-12-09,,,,,15.170000076293945
1946-12-16,,,,,15.5
1946-12-23,,,,,15.1899995803833
1946-12-30,,,,,15.260000228881836
1947-01-06,,,,,15.239999771118164
1947-01-13,,,,,15.069999694824219
1947-01-20,,,,,15.210000038146973
1947-01-27,,,,,15.65999984741211
1947-02-03,,,,,16.1200008392334
1947-02-10,,,,,15.859999656677246
1947-02-17,,,,,15.800000190734863
1947-02-24,,,,,15.430000305175781
1947-03-03,,,,,15.15999984741211
1947-03-10,,,,,14.779999732971191
1947-03-17,,,,,15.25
1947-03-24,,,,,15.329999923706055
1947-03-31,,,,,15.180000305175781
1947-04-07,,,,,14.720000267028809
1947-04-14,,,,,14.09000015258789
1947-04-21,,,,,14.390000343322754
1947-04-28,,,,,14.789999961853027
1947-05-05,,,,,14.630000114440918
1947-05-12,,,,,13.960000038146973
1947-05-19,,,,,14.0
1947-05-26,,,,,14.449999809265137
1947-06-02,,,,,14.5
1947-06-09,,,,,14.979999542236328
1947-06-16,,,,,15.15999984741211
1947-06-23,,,,,15.119999885559082
1947-06-30,,,,,15.600000381469727
1947-07-07,,,,,15.869999885559082
1947-07-14,,,,,15.850000381469727
1947-07-21,,,,,16.079999923706055
1947-07-28,,,,,15.800000190734863
1947-08-04,,,,,15.430000305175781
1947-08-11,,,,,15.579999923706055
1947-08-18,,,,,15.449999809265137
1947-08-25,,,,,15.319999694824219
1947-09-01,,,,,15.100000381469727
1947-09-08,,,,,14.989999771118164
1947-09-15,,,,,15.199999809265137
1947-09-22,,,,,14.850000381469727
1947-09-29,,,,,15.239999771118164
1947-10-06,,,,,15.289999961853027
1947-10-13,,,,,15.579999923706055
1947-10-20,,,,,15.5
1947-10-27,,,,,15.430000305175781
1947-11-03,,,,,15.3100004196167
1947-11-10,,,,,15.1899995803833
1947-11-17,,,,,15.329999923706055
1947-11-24,,,,,14.979999542236328
1947-12-01,,,,,14.630000114440918
1947-12-08,,,,,14.9399995803833
1947-12-15,,,,,15.119999885559082
1947-12-22,,,,,15.119999885559082
1947-12-29,,,,,15.34000015258789
1948-01-05,,,,,15.229999542236328
1948-01-12,,,,,14.869999885559082
1948-01-19,,,,,14.350000381469727
1948-01-26,,,,,14.680000305175781
1948-02-02,,,,,14.1899995803833
1948-02-09,,,,,13.850000381469727
1948-02-16,,,,,13.960000038146973
1948-02-23,,,,,13.930000305175781
1948-03-01,,,,,14.109999656677246
1948-03-08,,,,,13.989999771118164
1948-03-15,,,,,14.319999694824219
1948-03-22,,,,,14.75
1948-03-29,,,,,15.149999618530273
1948-04-05,,,,,15.289999961853027
1948-04-12,,,,,15.430000305175781
1948-04-19,,,,,15.779999732971191
1948-04-26,,,,,15.479999542236328
1948-05-03,,,,,15.720000267028809
1948-05-10,,,,,16.389999389648438
1948-05-17,,,,,16.5
1948-05-24,,,,,16.690000534057617
1948-05-31,,,,,16.59000015258789
1948-06-07,,,,,16.950000762939453
1948-06-14,,,,,16.959999084472656
1948-06-21,,,,,16.829999923706055
1948-06-28,,,,,16.850000381469727
1948-07-05,,,,,16.920000076293945
1948-07-12,,,,,16.25
1948-07-19,,,,,16.270000457763672
1948-07-26,,,,,15.850000381469727
1948-08-02,,,,,16.1200008392334
1948-08-09,,,,,15.699999809265137
1948-08-16,,,,,16.149999618530273
1948-08-23,,,,,16.110000610351562
1948-08-30,,,,,16.270000457763672
1948-09-06,,,,,15.829999923706055
1948-09-13,,,,,15.729999542236328
1948-09-20,,,,,15.600000381469727
1948-09-27,,,,,15.670000076293945
1948-10-04,,,,,15.899999618530273
1948-10-11,,,,,16.1200008392334
1948-10-18,,,,,16.610000610351562
1948-10-25,,,,,16.5
1948-11-01,,,,,15.430000305175781
1948-11-08,,,,,15.039999961853027
1948-11-15,,,,,15.3100004196167
1948-11-22,,,,,14.90999984741211
1948-11-29,,,,,15.130000114440918
1948-12-06,,,,,15.220000267028809
1948-12-13,,,,,15.199999809265137
1948-12-20,,,,,15.25
1948-12-27,,,,,15.199999809265137
1949-01-03,,,,,15.609999656677246
1949-01-10,,,,,15.239999771118164
1949-01-17,,,,,15.470000267028809
1949-01-24,,,,,15.199999809265137
1949-01-31,,,,,15.09000015258789
1949-02-07,,,,,14.5600004196167
1949-02-14,,,,,14.789999961853027
1949-02-21,,,,,14.380000114440918
1949-02-28,,,,,14.670000076293945
1949-03-07,,,,,15.020000457763672
1949-03-14,,,,,14.9399995803833
1949-03-21,,,,,14.890000343322754
1949-03-28,,,,,14.9399995803833
1949-04-04,,,,,14.970000267028809
1949-04-11,,,,,14.989999771118164
1949-04-18,,,,,14.699999809265137
1949-04-25,,,,,14.710000038146973
1949-05-02,,,,,14.920000076293945
1949-05-09,,,,,14.880000114440918
1949-05-16,,,,,14.729999542236328
1949-05-23,,,,,14.510000228881836
1949-05-30,,,,,14.050000190734863
1949-06-06,,,,,13.8100004196167
1949-06-13,,,,,13.869999885559082
1949-06-20,,,,,14.130000114440918
1949-06-27,,,,,14.260000228881836
1949-07-04,,,,,14.510000228881836
1949-07-11,,,,,14.760000228881836
1949-07-18,,,,,14.890000343322754
1949-07-25,,,,,15.039999961853027
1949-08-01,,,,,15.350000381469727
1949-08-08,,,,,15.319999694824219
1949-08-15,,,,,15.40999984741211
1949-08-22,,,,,15.279999732971191
1949-08-29,,,,,15.289999961853027
1949-09-05,,,,,15.399999618530273
1949-09-12,,,,,15.65999984741211
1949-09-19,,,,,15.569999694824219
1949-09-26,,,,,15.579999923706055
1949-10-03,,,,,15.850000381469727
1949-10-10,,,,,15.90999984741211
1949-10-17,,,,,15.850000381469727
1949-10-24,,,,,16.079999923706055
1949-10-31,,,,,16.209999084472656
1949-11-07,,,,,16.139999389648438
1949-11-14,,,,,16.139999389648438
1949-11-21,,,,,16.100000381469727
1949-11-28,,,,,16.280000686645508
1949-12-05,,,,,16.420000076293945
1949-12-12,,,,,16.65999984741211
1949-12-19,,,,,16.639999389648438
1949-12-26,,,,,16.790000915527344
1950-01-02,,,,,17.09000015258789
1950-01-09,,,,,16.649999618530273
1950-01-16,,,,,16.940000534057617
1950-01-23,,,,,16.899999618530273
1950-01-30,,,,,17.350000381469727
1950-02-06,,,,,17.209999084472656
1950-02-13,,,,,17.229999542236328
1950-02-20,,,,,17.260000228881836
1950-02-27,,,,,17.329999923706055
1950-03-06,,,,,17.139999389648438
1950-03-13,,,,,17.489999771118164
1950-03-20,,,,,17.610000610351562
1950-03-27,,,,,17.34000015258789
1950-04-03,,,,,17.81999969482422
1950-04-10,,,,,17.860000610351562
1950-04-17,,,,,17.950000762939453
1950-04-24,,,,,18.06999969482422
1950-05-01,,,,,18.329999923706055
1950-05-08,,,,,18.200000762939453
1950-05-15,,,,,18.709999084472656
1950-05-22,,,,,18.649999618530273
1950-05-29,,,,,18.790000915527344
1950-06-05,,,,,19.260000228881836
1950-06-12,,,,,18.969999313354492
1950-06-19,,,,,19.139999389648438
1950-06-26,,,,,17.690000534057617
1950-07-03,,,,,17.670000076293945
1950-07-10,,,,,16.8700008392334
1950-07-17,,,,,17.59000015258789
1950-07-24,,,,,17.690000534057617
1950-07-31,,,,,18.139999389648438
1950-08-07,,,,,18.280000686645508
1950-08-14,,,,,18.68000030517578
1950-08-21,,,,,18.540000915527344
1950-08-28,,,,,18.549999237060547
1950-09-04,,,,,18.75
1950-09-11,,,,,19.290000915527344
1950-09-18,,,,,19.440000534057617
1950-09-25,,,,,19.450000762939453
1950-10-02,,,,,20.15999984741211
1950-10-09,,,,,19.709999084472656
1950-10-16,,,,,20.010000228881836
1950-10-23,,,,,19.790000915527344
1950-10-30,,,,,19.780000686645508
1950-11-06,,,,,19.940000534057617
1950-11-13,,,,,19.950000762939453
1950-11-20,,,,,20.280000686645508
1950-11-27,,,,,19.540000915527344
1950-12-04,,,,,19.5
1950-12-11,,,,,19.639999389648438
1950-12-18,,,,,20.06999969482422
1950-12-25,,,,,20.40999984741211
1951-01-01,,,,,20.8799991607666
1951-01-08,,,,,21.100000381469727
1951-01-15,,,,,21.40999984741211
1951-01-22,,,,,21.530000686645508
1951-01-29,,,,,22.079999923706055
1951-02-05,,,,,22.209999084472656
1951-02-12,,,,,22.149999618530273
1951-02-19,,,,,21.959999084472656
1951-02-26,,,,,21.940000534057617
1951-03-05,,,,,21.90999984741211
1951-03-12,,,,,21.670000076293945
1951-03-19,,,,,21.469999313354492
1951-03-26,,,,,21.399999618530273
1951-04-02,,,,,21.68000030517578
1951-04-09,,,,,22.200000762939453
1951-04-16,,,,,22.049999237060547
1951-04-23,,,,,22.43000030517578
1951-04-30,,,,,22.690000534057617
1951-05-07,,,,,22.219999313354492
1951-05-14,,,,,21.549999237060547
1951-05-21,,,,,21.079999923706055
1951-05-28,,,,,21.479999542236328
1951-06-04,,,,,21.489999771118164
1951-06-11,,,,,22.040000915527344
1951-06-18,,,,,21.549999237060547
1951-06-25,,,,,20.959999084472656
1951-07-02,,,,,21.639999389648438
1951-07-09,,,,,21.979999542236328
1951-07-16,,,,,21.8799991607666
1951-07-23,,,,,22.530000686645508
1951-07-30,,,,,22.850000381469727
1951-08-06,,,,,22.790000915527344
1951-08-13,,,,,22.940000534057617
1951-08-20,,,,,22.8799991607666
1951-08-27,,,,,23.280000686645508
1951-09-03,,,,,23.530000686645508
1951-09-10,,,,,23.690000534057617
1951-09-17,,,,,23.399999618530273
1951-09-24,,,,,23.260000228881836
1951-10-01,,,,,23.770000457763672
1951-10-08,,,,,23.799999237060547
1951-10-15,,,,,23.1299991607666
1951-10-22,,,,,22.450000762939453
1951-10-29,,,,,22.739999771118164
1951-11-05,,,,,22.889999389648438
1951-11-12,,,,,22.84000015258789
1951-11-19,,,,,22.299999237060547
1951-11-26,,,,,22.940000534057617
1951-12-03,,,,,23.40999984741211
1951-12-10,,,,,23.360000610351562
1951-12-17,,,,,23.530000686645508
1951-12-24,,,,,23.690000534057617
1951-12-31,,,,,23.940000534057617
1952-01-07,,,,,24.059999465942383
1952-01-14,,,,,24.329999923706055
1952-01-21,,,,,24.59000015258789
1952-01-28,,,,,24.40999984741211
1952-02-04,,,,,24.25
1952-02-11,,,,,23.84000015258789
1952-02-18,,,,,23.360000610351562
1952-02-25,,,,,23.280000686645508
1952-03-03,,,,,23.770000457763672
1952-03-10,,,,,23.829999923706055
1952-03-17,,,,,23.940000534057617
1952-03-24,,,,,24.34000015258789
1952-03-31,,,,,24.0
1952-04-07,,,,,24.149999618530273
1952-04-14,,,,,23.510000228881836
1952-04-21,,,,,23.579999923706055
1952-04-28,,,,,23.59000015258789
1952-05-05,,,,,23.799999237060547
1952-05-12,,,,,23.559999465942383
1952-05-19,,,,,23.889999389648438
1952-05-26,,,,,23.860000610351562
1952-06-02,,,,,24.260000228881836
1952-06-09,,,,,24.3700008392334
1952-06-16,,,,,24.59000015258789
1952-06-23,,,,,24.829999923706055
1952-06-30,,,,,25.049999237060547
1952-07-07,,,,,24.979999542236328
1952-07-14,,,,,24.850000381469727
1952-07-21,,,,,25.15999984741211
1952-07-28,,,,,25.450000762939453
1952-08-04,,,,,25.549999237060547
1952-08-11,,,,,25.200000762939453
1952-08-18,,,,,24.989999771118164
1952-08-25,,,,,25.030000686645508
1952-09-01,,,,,25.209999084472656
1952-09-08,,,,,24.709999084472656
1952-09-15,,,,,24.56999969482422
1952-09-22,,,,,24.729999542236328
1952-09-29,,,,,24.5
1952-10-06,,,,,24.549999237060547
1952-10-13,,,,,24.200000762939453
1952-10-20,,,,,24.030000686645508
1952-10-27,,,,,24.520000457763672
1952-11-03,,,,,24.780000686645508
1952-11-10,,,,,24.75
1952-11-17,,,,,25.270000457763672
1952-11-24,,,,,25.65999984741211
1952-12-01,,,,,25.6200008392334
1952-12-08,,,,,26.040000915527344
1952-12-15,,,,,26.149999618530273
1952-12-22,,,,,26.25
1952-12-29,,,,,26.540000915527344
1953-01-05,,,,,26.079999923706055
1953-01-12,,,,,26.020000457763672
1953-01-19,,,,,26.06999969482422
1953-01-26,,,,,26.3799991607666
1953-02-02,,,,,26.510000228881836
1953-02-09,,,,,25.739999771118164
1953-02-16,,,,,25.6299991607666
1953-02-23,,,,,25.899999618530273
1953-03-02,,,,,25.84000015258789
1953-03-09,,,,,26.18000030517578
1953-03-16,,,,,26.18000030517578
1953-03-23,,,,,25.989999771118164
1953-03-30,,,,,25.229999542236328
1953-04-06,,,,,24.81999969482422
1953-04-13,,,,,24.6200008392334
1953-04-20,,,,,24.200000762939453
1953-04-27,,,,,24.729999542236328
1953-05-04,,,,,24.899999618530273
1953-05-11,,,,,24.84000015258789
1953-05-18,,,,,25.030000686645508
1953-05-25,,,,,24.540000915527344
1953-06-01,,,,,24.09000015258789
1953-06-08,,,,,23.81999969482422
1953-06-15,,,,,23.84000015258789
1953-06-22,,,,,24.209999084472656
1953-06-29,,,,,24.360000610351562
1953-07-06,,,,,24.40999984741211
1953-07-13,,,,,24.350000381469727
1953-07-20,,,,,24.229999542236328
1953-07-27,,,,,24.75
1953-08-03,,,,,24.780000686645508
1953-08-10,,,,,24.6200008392334
1953-08-17,,,,,24.350000381469727
1953-08-24,,,,,23.739999771118164
1953-08-31,,,,,23.56999969482422
1953-09-07,,,,,23.139999389648438
1953-09-14,,,,,22.950000762939453
1953-09-21,,,,,23.299999237060547
1953-09-28,,,,,23.59000015258789
1953-10-05,,,,,23.65999984741211
1953-10-12,,,,,24.139999389648438
1953-10-19,,,,,24.350000381469727
1953-10-26,,,,,24.540000915527344
1953-11-02,,,,,24.610000610351562
1953-11-09,,,,,24.540000915527344
1953-11-16,,,,,24.440000534057617
1953-11-23,,,,,24.65999984741211
1953-11-30,,,,,24.979999542236328
1953-12-07,,,,,24.760000228881836
1953-12-14,,,,,24.989999771118164
1953-12-21,,,,,24.799999237060547
1953-12-28,,,,,24.809999465942383
1954-01-04,,,,,24.93000030517578
1954-01-11,,,,,25.43000030517578
1954-01-18,,,,,25.850000381469727
1954-01-25,,,,,26.079999923706055
1954-02-01,,,,,26.299999237060547
1954-02-08,,,,,26.1200008392334
1954-02-15,,,,,25.920000076293945
1954-02-22,,,,,26.149999618530273
1954-03-01,,,,,26.520000457763672
1954-03-08,,,,,26.690000534057617
1954-03-15,,,,,26.809999465942383
1954-03-22,,,,,26.559999465942383
1954-03-29,,,,,27.209999084472656
1954-04-05,,,,,27.3799991607666
1954-04-12,,,,,27.940000534057617
1954-04-19,,,,,27.780000686645508
1954-04-26,,,,,28.260000228881836
1954-05-03,,,,,28.649999618530273
1954-05-10,,,,,28.799999237060547
1954-05-17,,,,,28.989999771118164
1954-05-24,,,,,29.190000534057617
1954-05-31,,,,,29.100000381469727
1954-06-07,,,,,28.579999923706055
1954-06-14,,,,,29.040000915527344
1954-06-21,,,,,29.200000762939453
1954-06-28,,,,,29.59000015258789
1954-07-05,,,,,30.139999389648438
1954-07-12,,,,,30.059999465942383
1954-07-19,,,,,30.309999465942383
1954-07-26,,,,,30.8799991607666
1954-08-02,,,,,30.3799991607666
1954-08-09,,,,,30.719999313354492
1954-08-16,,,,,31.209999084472656
1954-08-23,,,,,30.65999984741211
1954-08-30,,,,,30.5
1954-09-06,,,,,30.84000015258789
1954-09-13,,,,,31.709999084472656
1954-09-20,,,,,32.400001525878906
1954-09-27,,,,,32.290000915527344
1954-10-04,,,,,32.66999816894531
1954-10-11,,,,,31.709999084472656
1954-10-18,,,,,32.130001068115234
1954-10-25,,,,,31.68000030517578
1954-11-01,,,,,32.709999084472656
1954-11-08,,,,,33.540000915527344
1954-11-15,,,,,33.45000076293945
1954-11-22,,,,,34.54999923706055
1954-11-29,,,,,34.4900016784668
1954-12-06,,,,,34.560001373291016
1954-12-13,,,,,35.91999816894531
1954-12-20,,,,,35.369998931884766
1954-12-27,,,,,35.97999954223633
1955-01-03,,,,,35.33000183105469
1955-01-10,,,,,35.279998779296875
1955-01-17,,,,,35.439998626708984
1955-01-24,,,,,36.189998626708984
1955-01-31,,,,,36.959999084472656
1955-02-07,,,,,37.150001525878906
1955-02-14,,,,,36.88999938964844
1955-02-21,,,,,36.56999969482422
1955-02-28,,,,,37.52000045776367
1955-03-07,,,,,35.81999969482422
1955-03-14,,,,,36.18000030517578
1955-03-21,,,,,36.959999084472656
1955-03-28,,,,,36.95000076293945
1955-04-04,,,,,37.34000015258789
1955-04-11,,,,,37.959999084472656
1955-04-18,,,,,38.0099983215332
1955-04-25,,,,,37.959999084472656
1955-05-02,,,,,37.88999938964844
1955-05-09,,,,,37.439998626708984
1955-05-16,,,,,37.7400016784668
1955-05-23,,,,,37.93000030517578
1955-05-30,,,,,38.369998931884766
1955-06-06,,,,,39.25
1955-06-13,,,,,40.099998474121094
1955-06-20,,,,,40.959999084472656
1955-06-27,,,,,41.189998626708984
1955-07-04,,,,,42.63999938964844
1955-07-11,,,,,42.400001525878906
1955-07-18,,,,,43.0
1955-07-25,,,,,43.52000045776367
1955-08-01,,,,,42.560001373291016
1955-08-08,,,,,42.209999084472656
1955-08-15,,,,,42.02000045776367
1955-08-22,,,,,42.9900016784668
1955-08-29,,,,,43.599998474121094
1955-09-05,,,,,43.88999938964844
1955-09-12,,,,,45.09000015258789
1955-09-19,,,,,45.630001068115234
1955-09-26,,,,,43.66999816894531
1955-10-03,,,,,42.380001068115234
1955-10-10,,,,,41.220001220703125
1955-10-17,,,,,42.59000015258789
1955-10-24,,,,,42.369998931884766
1955-10-31,,,,,43.959999084472656
1955-11-07,,,,,45.2400016784668
1955-11-14,,,,,45.540000915527344
1955-11-21,,,,,45.68000030517578
1955-11-28,,,,,45.439998626708984
1955-12-05,,,,,45.88999938964844
1955-12-12,,,,,45.130001068115234
1955-12-19,,,,,45.5
1955-12-26,,,,,45.47999954223633
1956-01-02,,,,,45.13999938964844
1956-01-09,,,,,44.66999816894531
1956-01-16,,,,,43.220001220703125
1956-01-23,,,,,43.349998474121094
1956-01-30,,,,,44.779998779296875
1956-02-06,,,,,43.63999938964844
1956-02-13,,,,,44.52000045776367
1956-02-20,,,,,45.31999969482422
1956-02-27,,,,,45.810001373291016
1956-03-05,,,,,46.70000076293945
1956-03-12,,,,,48.13999938964844
1956-03-19,,,,,48.83000183105469
1956-03-26,,,,,48.47999954223633
1956-04-02,,,,,48.849998474121094
1956-04-09,,,,,47.95000076293945
1956-04-16,,,,,47.7599983215332
1956-04-23,,,,,47.9900016784668
1956-04-30,,,,,48.5099983215332
1956-05-07,,,,,47.119998931884766
1956-05-14,,,,,46.38999938964844
1956-05-21,,,,,44.619998931884766
1956-05-28,,,,,45.58000183105469
1956-06-04,,,,,45.13999938964844
1956-06-11,,,,,46.369998931884766
1956-06-18,,,,,46.59000015258789
1956-06-25,,,,,46.970001220703125
1956-07-02,,,,,48.040000915527344
1956-07-09,,,,,48.720001220703125
1956-07-16,,,,,49.349998474121094
1956-07-23,,,,,49.08000183105469
1956-07-30,,,,,49.63999938964844
1956-08-06,,,,,49.09000015258789
1956-08-13,,,,,48.81999969482422
1956-08-20,,,,,47.95000076293945
1956-08-27,,,,,47.5099983215332
1956-09-03,,,,,47.810001373291016
1956-09-10,,,,,47.209999084472656
1956-09-17,,,,,46.58000183105469
1956-09-24,,,,,45.349998474121094
1956-10-01,,,,,46.45000076293945
1956-10-08,,,,,47.0
1956-10-15,,,,,46.2400016784668
1956-10-22,,,,,46.27000045776367
1956-10-29,,,,,46.97999954223633
1956-11-05,,,,,46.34000015258789
1956-11-12,,,,,45.7400016784668
1956-11-19,,,,,45.13999938964844
1956-11-26,,,,,45.08000183105469
1956-12-03,,,,,47.040000915527344
1956-12-10,,,,,46.540000915527344
1956-12-17,,,,,46.369998931884766
1956-12-24,,,,,46.560001373291016
1956-12-31,,,,,46.65999984741211
1957-01-07,,,,,46.18000030517578
1957-01-14,,,,,44.63999938964844
1957-01-21,,,,,44.81999969482422
1957-01-28,,,,,44.619998931884766
1957-02-04,,,,,43.31999969482422
1957-02-11,,,,,43.5099983215332
1957-02-18,,,,,43.47999954223633
1957-02-25,,,,,43.7400016784668
1957-03-04,,,,,44.06999969482422
1957-03-11,,,,,44.04999923706055
1957-03-18,,,,,44.060001373291016
1957-03-25,,,,,44.11000061035156
1957-04-01,,,,,44.4900016784668
1957-04-08,,,,,44.97999954223633
1957-04-15,,,,,45.40999984741211
1957-04-22,,,,,45.5
1957-04-29,,,,,46.34000015258789
1957-05-06,,,,,46.59000015258789
1957-05-13,,,,,47.150001525878906
1957-05-20,,,,,47.209999084472656
1957-05-27,,,,,47.43000030517578
1957-06-03,,,,,47.849998474121094
1957-06-10,,,,,48.150001525878906
1957-06-17,,,,,47.150001525878906
1957-06-24,,,,,47.369998931884766
1957-07-01,,,,,48.689998626708984
1957-07-08,,,,,49.08000183105469
1957-07-15,,,,,48.58000183105469
1957-07-22,,,,,48.45000076293945
1957-07-29,,,,,47.68000030517578
1957-08-05,,,,,46.91999816894531
1957-08-12,,,,,45.83000183105469
1957-08-19,,,,,44.5099983215332
1957-08-26,,,,,45.220001220703125
1957-09-02,,,,,44.68000030517578
1957-09-09,,,,,44.79999923706055
1957-09-16,,,,,43.689998626708984
1957-09-23,,,,,42.54999923706055
1957-09-30,,,,,42.790000915527344
1957-10-07,,,,,40.939998626708984
1957-10-14,,,,,40.33000183105469
1957-10-21,,,,,40.59000015258789
1957-10-28,,,,,40.439998626708984
1957-11-04,,,,,40.189998626708984
1957-11-11,,,,,40.369998931884766
1957-11-18,,,,,40.869998931884766
1957-11-25,,,,,41.720001220703125
1957-12-02,,,,,41.310001373291016
1957-12-09,,,,,40.72999954223633
1957-12-16,,,,,39.47999954223633
1957-12-23,,,,,39.779998779296875
1957-12-30,,,,,40.869998931884766
1958-01-06,,,,,40.369998931884766
1958-01-13,,,,,41.099998474121094
1958-01-20,,,,,41.709999084472656
1958-01-27,,,,,41.70000076293945
1958-02-03,,,,,41.72999954223633
1958-02-10,,,,,41.33000183105469
1958-02-17,,,,,40.880001068115234
1958-02-24,,,,,40.84000015258789
1958-03-03,,,,,42.06999969482422
1958-03-10,,,,,42.33000183105469
1958-03-17,,,,,42.41999816894531
1958-03-24,,,,,42.20000076293945
1958-03-31,,,,,41.47999954223633
1958-04-07,,,,,41.7400016784668
1958-04-14,,,,,42.709999084472656
1958-04-21,,,,,43.36000061035156
1958-04-28,,,,,43.689998626708984
1958-05-05,,,,,44.09000015258789
1958-05-12,,,,,43.36000061035156
1958-05-19,,,,,43.869998931884766
1958-05-26,,,,,44.09000015258789
1958-06-02,,,,,44.63999938964844
1958-06-09,,,,,45.02000045776367
1958-06-16,,,,,44.849998474121094
1958-06-23,,,,,44.900001525878906
1958-06-30,,,,,45.470001220703125
1958-07-07,,,,,45.720001220703125
1958-07-14,,,,,45.77000045776367
1958-07-21,,,,,46.970001220703125
1958-07-28,,,,,47.4900016784668
1958-08-04,,,,,48.04999923706055
1958-08-11,,,,,47.5
1958-08-18,,,,,47.72999954223633
1958-08-25,,,,,47.75
1958-09-01,,,,,47.970001220703125
1958-09-08,,,,,48.529998779296875
1958-09-15,,,,,49.400001525878906
1958-09-22,,,,,49.65999984741211
1958-09-29,,,,,50.369998931884766
1958-10-06,,,,,51.38999938964844
1958-10-13,,,,,51.459999084472656
1958-10-20,,,,,50.810001373291016
1958-10-27,,,,,51.33000183105469
1958-11-03,,,,,52.2599983215332
1958-11-10,,,,,53.09000015258789
1958-11-17,,,,,52.70000076293945
1958-11-24,,,,,52.47999954223633
1958-12-01,,,,,52.459999084472656
1958-12-08,,,,,53.220001220703125
1958-12-15,,,,,54.06999969482422
1958-12-22,,,,,54.11000061035156
1958-12-29,,,,,55.439998626708984
1959-01-05,,,,,55.77000045776367
1959-01-12,,,,,55.810001373291016
1959-01-19,,,,,56.0
1959-01-26,,,,,55.45000076293945
1959-02-02,,,,,54.369998931884766
1959-02-09,,,,,54.41999816894531
1959-02-16,,,,,55.52000045776367
1959-02-23,,,,,55.40999984741211
1959-03-02,,,,,56.209999084472656
1959-03-09,,,,,56.66999816894531
1959-03-16,,,,,56.38999938964844
1959-03-23,,,,,55.7599983215332
1959-03-30,,,,,56.439998626708984
1959-04-06,,,,,56.220001220703125
1959-04-13,,,,,57.91999816894531
1959-04-20,,,,,57.959999084472656
1959-04-27,,,,,57.650001525878906
1959-05-04,,,,,57.31999969482422
1959-05-11,,,,,58.15999984741211
1959-05-18,,,,,58.33000183105469
1959-05-25,,,,,58.68000030517578
1959-06-01,,,,,57.5099983215332
1959-06-08,,,,,57.290000915527344
1959-06-15,,,,,57.130001068115234
1959-06-22,,,,,57.97999954223633
1959-06-29,,,,,59.279998779296875
1959-07-06,,,,,59.90999984741211
1959-07-13,,,,,59.189998626708984
1959-07-20,,,,,59.650001525878906
1959-07-27,,,,,60.5099983215332
1959-08-03,,,,,59.869998931884766
1959-08-10,,,,,59.290000915527344
1959-08-17,,,,,59.08000183105469
1959-08-24,,,,,59.599998474121094
1959-08-31,,,,,58.540000915527344
1959-09-07,,,,,57.40999984741211
1959-09-14,,,,,56.189998626708984
1959-09-21,,,,,56.72999954223633
1959-09-28,,,,,57.20000076293945
1959-10-05,,,,,57.0
1959-10-12,,,,,57.33000183105469
1959-10-19,,,,,56.560001373291016
1959-10-26,,,,,57.52000045776367
1959-11-02,,,,,57.599998474121094
1959-11-09,,,,,56.849998474121094
1959-11-16,,,,,56.970001220703125
1959-11-23,,,,,57.70000076293945
1959-11-30,,,,,58.849998474121094
1959-12-07,,,,,58.880001068115234
1959-12-14,,,,,59.13999938964844
1959-12-21,,,,,59.0
1959-12-28,,,,,59.88999938964844
1960-01-04,,,,,59.5
1960-01-11,,,,,58.380001068115234
1960-01-18,,,,,57.380001068115234
1960-01-25,,,,,55.61000061035156
1960-02-01,,,,,55.97999954223633
1960-02-08,,,,,55.459999084472656
1960-02-15,,,,,56.2400016784668
1960-02-22,,,,,56.15999984741211
1960-02-29,,,,,54.56999969482422
1960-03-07,,,,,54.2400016784668
1960-03-14,,,,,55.0099983215332
1960-03-21,,,,,55.97999954223633
1960-03-28,,,,,55.43000030517578
1960-04-04,,,,,56.38999938964844
1960-04-11,,,,,56.43000030517578
1960-04-18,,,,,55.41999816894531
1960-04-25,,,,,54.369998931884766
1960-05-02,,,,,54.75
1960-05-09,,,,,55.29999923706055
1960-05-16,,,,,55.72999954223633
1960-05-23,,,,,55.7400016784668
1960-05-30,,,,,56.22999954223633
1960-06-06,,,,,57.970001220703125
1960-06-13,,,,,57.439998626708984
1960-06-20,,,,,57.68000030517578
1960-06-27,,,,,57.060001373291016
1960-07-04,,,,,57.380001068115234
1960-07-11,,,,,56.04999923706055
1960-07-18,,,,,54.720001220703125
1960-07-25,,,,,55.5099983215332
1960-08-01,,,,,55.439998626708984
1960-08-08,,,,,56.65999984741211
1960-08-15,,,,,57.0099983215332
1960-08-22,,,,,57.599998474121094
1960-08-29,,,,,57.0
1960-09-05,,,,,56.11000061035156
1960-09-12,,,,,55.11000061035156
1960-09-19,,,,,53.900001525878906
1960-09-26,,,,,53.52000045776367
1960-10-03,,,,,54.029998779296875
1960-10-10,,,,,54.86000061035156
1960-10-17,,,,,53.720001220703125
1960-10-24,,,,,53.40999984741211
1960-10-31,,,,,54.900001525878906
1960-11-07,,,,,55.869998931884766
1960-11-14,,,,,55.81999969482422
1960-11-21,,,,,56.130001068115234
1960-11-28,,,,,55.38999938964844
1960-12-05,,,,,56.650001525878906
1960-12-12,,,,,57.20000076293945
1960-12-19,,,,,57.439998626708984
1960-12-26,,,,,58.11000061035156
1961-01-02,,,,,58.400001525878906
1961-01-09,,,,,59.599998474121094
1961-01-16,,,,,59.959999084472656
1961-01-23,,,,,61.2400016784668
1961-01-30,,,,,62.220001220703125
1961-02-06,,,,,61.5
1961-02-13,,,,,62.099998474121094
1961-02-20,,,,,62.84000015258789
1961-02-27,,,,,63.95000076293945
1961-03-06,,,,,63.47999954223633
1961-03-13,,,,,64.0
1961-03-20,,,,,64.41999816894531
1961-03-27,,,,,65.05999755859375
1961-04-03,,,,,65.95999908447266
1961-04-10,,,,,66.37000274658203
1961-04-17,,,,,65.7699966430664
1961-04-24,,,,,65.30999755859375
1961-05-01,,,,,66.5199966430664
1961-05-08,,,,,66.5
1961-05-15,,,,,67.2699966430664
1961-05-22,,,,,66.43000030517578
1961-05-29,,,,,66.7300033569336
1961-06-05,,,,,66.66000366210938
1961-06-12,,,,,65.18000030517578
1961-06-19,,,,,65.16000366210938
1961-06-26,,,,,64.63999938964844
1961-07-03,,,,,65.7699966430664
1961-07-10,,,,,65.27999877929688
1961-07-17,,,,,64.86000061035156
1961-07-24,,,,,66.70999908447266
1961-07-31,,,,,67.68000030517578
1961-08-07,,,,,68.05999755859375
1961-08-14,,,,,68.29000091552734
1961-08-21,,,,,67.66999816894531
1961-08-28,,,,,68.19000244140625
1961-09-04,,,,,67.87999725341797
1961-09-11,,,,,67.6500015258789
1961-09-18,,,,,66.72000122070312
1961-09-25,,,,,66.7300033569336
1961-10-02,,,,,66.97000122070312
1961-10-09,,,,,68.04000091552734
1961-10-16,,,,,68.0
1961-10-23,,,,,68.33999633789062
1961-10-30,,,,,69.47000122070312
1961-11-06,,,,,71.06999969482422
1961-11-13,,,,,71.62000274658203
1961-11-20,,,,,71.83999633789062
1961-11-27,,,,,71.77999877929688
1961-12-04,,,,,72.04000091552734
1961-12-11,,,,,72.01000213623047
1961-12-18,,,,,70.91000366210938
1961-12-25,,,,,71.55000305175781
1962-01-01,,,,,69.66000366210938
1962-01-08,,,,,69.61000061035156
1962-01-15,,,,,68.75
1962-01-22,,,,,68.12999725341797
1962-01-29,,,,,69.80999755859375
1962-02-05,,,,,70.4800033569336
1962-02-12,,,,,70.58999633789062
1962-02-19,,,,,70.16000366210938
1962-02-26,,,,,70.16000366210938
1962-03-05,,,,,70.41999816894531
1962-03-12,,,,,70.94000244140625
1962-03-19,,,,,70.44999694824219
1962-03-26,,,,,69.55000305175781
1962-04-02,,,,,68.83999633789062
1962-04-09,,,,,67.9000015258789
1962-04-16,,,,,68.58999633789062
1962-04-23,,,,,66.30000305175781
1962-04-30,,,,,66.23999786376953
1962-05-07,,,,,62.650001525878906
1962-05-14,,,,,63.81999969482422
1962-05-21,,,,,59.470001220703125
1962-05-28,,,,,59.380001068115234
1962-06-04,,,,,58.45000076293945
1962-06-11,,,,,55.88999938964844
1962-06-18,,,,,52.68000030517578
1962-06-25,,,,,54.75
1962-07-02,,,,,56.16999816894531
1962-07-09,,,,,57.83000183105469
1962-07-16,,,,,56.810001373291016
1962-07-23,,,,,57.20000076293945
1962-07-30,,,,,58.119998931884766
1962-08-06,,,,,57.54999923706055
1962-08-13,,,,,59.0099983215332
1962-08-20,,,,,59.58000183105469
1962-08-27,,,,,59.119998931884766
1962-09-03,,,,,58.380001068115234
1962-09-10,,,,,58.88999938964844
1962-09-17,,,,,57.689998626708984
1962-09-24,,,,,56.27000045776367
1962-10-01,,,,,57.06999969482422
1962-10-08,,,,,56.95000076293945
1962-10-15,,,,,55.59000015258789
1962-10-22,,,,,54.540000915527344
1962-10-29,,,,,57.75
1962-11-05,,,,,58.779998779296875
1962-11-12,,,,,60.15999984741211
1962-11-19,,,,,61.540000915527344
1962-11-26,,,,,62.2599983215332
1962-12-03,,,,,63.060001373291016
1962-12-10,,,,,62.56999969482422
1962-12-17,,,,,62.63999938964844
1962-12-24,,,,,62.959999084472656
1962-12-31,,,,,64.12999725341797
1963-01-07,,,,,64.8499984741211
1963-01-14,,,,,65.18000030517578
1963-01-21,,,,,65.91999816894531
1963-01-28,,,,,66.30999755859375
1963-02-04,,,,,66.16999816894531
1963-02-11,,,,,66.41000366210938
1963-02-18,,,,,65.91999816894531
1963-02-25,,,,,64.0999984741211
1963-03-04,,,,,65.33000183105469
1963-03-11,,,,,65.93000030517578
1963-03-18,,,,,66.19000244140625
1963-03-25,,,,,66.56999969482422
1963-04-01,,,,,68.27999877929688
1963-04-08,,,,,68.7699966430664
1963-04-15,,,,,69.2300033569336
1963-04-22,,,,,69.69999694824219
1963-04-29,,,,,70.02999877929688
1963-05-06,,,,,70.5199966430664
1963-05-13,,,,,70.29000091552734
1963-05-20,,,,,70.0199966430664
1963-05-27,,,,,70.80000305175781
1963-06-03,,,,,70.41000366210938
1963-06-10,,,,,70.25
1963-06-17,,,,,70.25
1963-06-24,,,,,69.37000274658203
1963-07-01,,,,,70.22000122070312
1963-07-08,,,,,69.63999938964844
1963-07-15,,,,,68.3499984741211
1963-07-22,,,,,68.54000091552734
1963-07-29,,,,,69.30000305175781
1963-08-05,,,,,70.4800033569336
1963-08-12,,,,,71.48999786376953
1963-08-19,,,,,71.76000213623047
1963-08-26,,,,,72.5
1963-09-02,,,,,72.83999633789062
1963-09-09,,,,,73.16999816894531
1963-09-16,,,,,73.30000305175781
1963-09-23,,,,,72.12999725341797
1963-09-30,,,,,72.8499984741211
1963-10-07,,,,,72.2699966430664
1963-10-14,,,,,73.31999969482422
1963-10-21,,,,,74.01000213623047
1963-10-28,,,,,73.83000183105469
1963-11-04,,,,,73.36000061035156
1963-11-11,,,,,72.3499984741211
1963-11-18,,,,,69.61000061035156
1963-11-25,,,,,73.2300033569336
1963-12-02,,,,,74.0
1963-12-09,,,,,74.05999755859375
1963-12-16,,,,,74.27999877929688
1963-12-23,,,,,74.44000244140625
1963-12-30,,,,,75.5
1964-01-06,,,,,76.23999786376953
1964-01-13,,,,,76.55999755859375
1964-01-20,,,,,77.11000061035156
1964-01-27,,,,,77.04000091552734
1964-02-03,,,,,77.18000030517578
1964-02-10,,,,,77.4800033569336
1964-02-17,,,,,77.62000274658203
1964-02-24,,,,,77.80000305175781
1964-03-02,,,,,78.30999755859375
1964-03-09,,,,,79.13999938964844
1964-03-16,,,,,78.91999816894531
1964-03-23,,,,,79.19000244140625
1964-03-30,,,,,79.94000244140625
1964-04-06,,,,,79.8499984741211
1964-04-13,,,,,80.55000305175781
1964-04-20,,,,,79.75
1964-04-27,,,,,80.16999816894531
1964-05-04,,,,,81.0
1964-05-11,,,,,81.0999984741211
1964-05-18,,,,,80.7300033569336
1964-05-25,,,,,80.37000274658203
1964-06-01,,,,,79.0199966430664
1964-06-08,,,,,79.5999984741211
1964-06-15,,,,,80.88999938964844
1964-06-22,,,,,81.45999908447266
1964-06-29,,,,,82.5999984741211
1964-07-06,,,,,83.36000061035156
1964-07-13,,,,,84.01000213623047
1964-07-20,,,,,83.45999908447266
1964-07-27,,,,,83.18000030517578
1964-08-03,,,,,81.86000061035156
1964-08-10,,,,,82.3499984741211
1964-08-17,,,,,82.06999969482422
1964-08-24,,,,,81.98999786376953
1964-08-31,,,,,82.76000213623047
1964-09-07,,,,,83.44999694824219
1964-09-14,,,,,83.4800033569336
1964-09-21,,,,,84.20999908447266
1964-09-28,,,,,84.36000061035156
1964-10-05,,,,,85.22000122070312
1964-10-12,,,,,84.83000183105469
1964-10-19,,,,,85.13999938964844
1964-10-26,,,,,84.86000061035156
1964-11-02,,,,,85.2300033569336
1964-11-09,,,,,85.20999908447266
1964-11-16,,,,,86.27999877929688
1964-11-23,,,,,85.16000366210938
1964-11-30,,,,,84.3499984741211
1964-12-07,,,,,83.66000366210938
1964-12-14,,,,,84.29000091552734
1964-12-21,,,,,84.1500015258789
1964-12-28,,,,,84.75
1965-01-04,,,,,85.37000274658203
1965-01-11,,,,,86.20999908447266
1965-01-18,,,,,86.73999786376953
1965-01-25,,,,,87.55999755859375
1965-02-01,,,,,87.29000091552734
1965-02-08,,,,,86.16999816894531
1965-02-15,,,,,86.20999908447266
1965-02-22,,,,,87.43000030517578
1965-03-01,,,,,86.80000305175781
1965-03-08,,,,,87.20999908447266
1965-03-15,,,,,86.83999633789062
1965-03-22,,,,,86.19999694824219
1965-03-29,,,,,86.52999877929688
1965-04-05,,,,,87.55999755859375
1965-04-12,,,,,88.1500015258789
1965-04-19,,,,,88.87999725341797
1965-04-26,,,,,89.11000061035156
1965-05-03,,,,,89.8499984741211
1965-05-10,,,,,90.0999984741211
1965-05-17,,,,,88.75
1965-05-24,,,,,88.41999816894531
1965-05-31,,,,,87.11000061035156
1965-06-07,,,,,85.12000274658203
1965-06-14,,,,,85.33999633789062
1965-06-21,,,,,83.05999755859375
1965-06-28,,,,,85.16000366210938
1965-07-05,,,,,85.70999908447266
1965-07-12,,,,,85.69000244140625
1965-07-19,,,,,84.06999969482422
1965-07-26,,,,,85.25
1965-08-02,,,,,86.06999969482422
1965-08-09,,,,,86.7699966430664
1965-08-16,,,,,86.69000244140625
1965-08-23,,,,,87.19999694824219
1965-08-30,,,,,88.05999755859375
1965-09-06,,,,,89.12000274658203
1965-09-13,,,,,90.05000305175781
1965-09-20,,,,,90.0199966430664
1965-09-27,,,,,89.9000015258789
1965-10-04,,,,,90.8499984741211
1965-10-11,,,,,91.37999725341797
1965-10-18,,,,,91.9800033569336
1965-10-25,,,,,92.41999816894531
1965-11-01,,,,,92.37000274658203
1965-11-08,,,,,92.55000305175781
1965-11-15,,,,,92.23999786376953
1965-11-22,,,,,92.02999877929688
1965-11-29,,,,,91.2699966430664
1965-12-06,,,,,91.80000305175781
1965-12-13,,,,,92.08000183105469
1965-12-20,,,,,92.19000244140625
1965-12-27,,,,,92.43000030517578
1966-01-03,,,,,93.13999938964844
1966-01-10,,,,,93.5
1966-01-17,,,,,93.47000122070312
1966-01-24,,,,,93.30999755859375
1966-01-31,,,,,93.26000213623047
1966-02-07,,,,,93.80999755859375
1966-02-14,,,,,92.41000366210938
1966-02-21,,,,,91.13999938964844
1966-02-28,,,,,89.23999786376953
1966-03-07,,,,,88.8499984741211
1966-03-14,,,,,88.52999877929688
1966-03-21,,,,,89.54000091552734
1966-03-28,,,,,89.94000244140625
1966-04-04,,,,,91.76000213623047
1966-04-11,,,,,91.98999786376953
1966-04-18,,,,,92.2699966430664
1966-04-25,,,,,91.05999755859375
1966-05-02,,,,,87.83999633789062
1966-05-09,,,,,85.47000122070312
1966-05-16,,,,,85.43000030517578
1966-05-23,,,,,87.33000183105469
1966-05-30,,,,,86.05999755859375
1966-06-06,,,,,86.44000244140625
1966-06-13,,,,,86.51000213623047
1966-06-20,,,,,86.58000183105469
1966-06-27,,,,,85.61000061035156
1966-07-04,,,,,87.61000061035156
1966-07-11,,,,,87.08000183105469
1966-07-18,,,,,85.41000366210938
1966-07-25,,,,,83.5999984741211
1966-08-01,,,,,84.0
1966-08-08,,,,,83.16999816894531
1966-08-15,,,,,79.62000274658203
1966-08-22,,,,,76.41000366210938
1966-08-29,,,,,77.41999816894531
1966-09-05,,,,,76.29000091552734
1966-09-12,,,,,79.98999786376953
1966-09-19,,,,,77.66999816894531
1966-09-26,,,,,76.55999755859375
1966-10-03,,,,,73.19999694824219
1966-10-10,,,,,76.5999984741211
1966-10-17,,,,,78.19000244140625
1966-10-24,,,,,80.23999786376953
1966-10-31,,,,,80.80999755859375
1966-11-07,,,,,81.94000244140625
1966-11-14,,,,,81.26000213623047
1966-11-21,,,,,80.8499984741211
1966-11-28,,,,,80.12999725341797
1966-12-05,,,,,82.13999938964844
1966-12-12,,,,,81.58000183105469
1966-12-19,,,,,81.47000122070312
1966-12-26,,,,,80.33000183105469
1967-01-02,,,,,82.18000030517578
1967-01-09,,,,,84.52999877929688
1967-01-16,,,,,86.06999969482422
1967-01-23,,,,,86.16000366210938
1967-01-30,,,,,87.36000061035156
1967-02-06,,,,,87.62999725341797
1967-02-13,,,,,87.88999938964844
1967-02-20,,,,,87.41000366210938
1967-02-27,,,,,88.29000091552734
1967-03-06,,,,,88.88999938964844
1967-03-13,,,,,90.25
1967-03-20,,,,,90.94000244140625
1967-03-27,,,,,90.19999694824219
1967-04-03,,,,,89.36000061035156
1967-04-10,,,,,90.43000030517578
1967-04-17,,,,,92.30000305175781
1967-04-24,,,,,94.01000213623047
1967-05-01,,,,,94.44000244140625
1967-05-08,,,,,93.4800033569336
1967-05-15,,,,,92.06999969482422
1967-05-22,,,,,90.9800033569336
1967-05-29,,,,,89.79000091552734
1967-06-05,,,,,91.55999755859375
1967-06-12,,,,,92.54000091552734
1967-06-19,,,,,92.0
1967-06-26,,,,,90.63999938964844
1967-07-03,,,,,91.69000244140625
1967-07-10,,,,,92.73999786376953
1967-07-17,,,,,94.04000091552734
1967-07-24,,,,,94.48999786376953
1967-07-31,,,,,95.83000183105469
1967-08-07,,,,,95.1500015258789
1967-08-14,,,,,94.77999877929688
1967-08-21,,,,,92.69999694824219
1967-08-28,,,,,93.68000030517578
1967-09-04,,,,,94.36000061035156
1967-09-11,,,,,96.2699966430664
1967-09-18,,,,,97.0
1967-09-25,,,,,96.70999908447266
1967-10-02,,,,,97.26000213623047
1967-10-09,,,,,96.0
1967-10-16,,,,,95.37999725341797
1967-10-23,,,,,94.95999908447266
1967-10-30,,,,,91.77999877929688
1967-11-06,,,,,92.20999908447266
1967-11-13,,,,,92.81999969482422
1967-11-20,,,,,93.9000015258789
1967-11-27,,,,,94.5
1967-12-04,,,,,95.41999816894531
1967-12-11,,,,,95.02999877929688
1967-12-18,,,,,95.19999694824219
1967-12-25,,,,,96.47000122070312
1968-01-01,,,,,95.94000244140625
1968-01-08,,,,,96.72000122070312
1968-01-15,,,,,95.23999786376953
1968-01-22,,,,,93.44999694824219
1968-01-29,,,,,92.2699966430664
1968-02-05,,,,,89.86000061035156
1968-02-12,,,,,89.95999908447266
1968-02-19,,,,,90.88999938964844
1968-02-26,,,,,89.11000061035156
1968-03-04,,,,,89.02999877929688
1968-03-11,,,,,89.0999984741211
1968-03-18,,,,,88.41999816894531
1968-03-25,,,,,90.19999694824219
1968-04-01,,,,,93.29000091552734
1968-04-08,,,,,96.52999877929688
1968-04-15,,,,,95.8499984741211
1968-04-22,,,,,97.20999908447266
1968-04-29,,,,,98.66000366210938
1968-05-06,,,,,98.5
1968-05-13,,,,,96.9000015258789
1968-05-20,,,,,97.1500015258789
1968-05-27,,,,,98.68000030517578
1968-06-03,,,,,101.2699966430664
1968-06-10,,,,,101.12999725341797
1968-06-17,,,,,100.66000366210938
1968-06-24,,,,,99.58000183105469
1968-07-01,,,,,100.91000366210938
1968-07-08,,,,,102.33999633789062
1968-07-15,,,,,100.45999908447266
1968-07-22,,,,,98.33999633789062
1968-07-29,,,,,96.62999725341797
1968-08-05,,,,,97.01000213623047
1968-08-12,,,,,98.68000030517578
1968-08-19,,,,,98.69000244140625
1968-08-26,,,,,98.86000061035156
1968-09-02,,,,,101.19999694824219
1968-09-09,,,,,100.86000061035156
1968-09-16,,,,,101.66000366210938
1968-09-23,,,,,102.30999755859375
1968-09-30,,,,,103.70999908447266
1968-10-07,,,,,103.18000030517578
1968-10-14,,,,,104.81999969482422
1968-10-21,,,,,104.19999694824219
1968-10-28,,,,,103.05999755859375
1968-11-04,,,,,103.94999694824219
1968-11-11,,,,,105.77999877929688
1968-11-18,,,,,106.30000305175781
1968-11-25,,,,,108.37000274658203
1968-12-02,,,,,107.93000030517578
1968-12-09,,,,,107.58000183105469
1968-12-16,,,,,106.33999633789062
1968-12-23,,,,,104.73999786376953
1968-12-30,,,,,103.98999786376953
1969-01-06,,,,,100.93000030517578
1969-01-13,,,,,102.02999877929688
1969-01-20,,,,,102.37999725341797
1969-01-27,,,,,103.01000213623047
1969-02-03,,,,,103.52999877929688
1969-02-10,,,,,103.61000061035156
1969-02-17,,,,,99.79000091552734
1969-02-24,,,,,98.12999725341797
1969-03-03,,,,,98.6500015258789
1969-03-10,,,,,98.0
1969-03-17,,,,,99.62999725341797
1969-03-24,,,,,101.51000213623047
1969-03-31,,,,,100.68000030517578
1969-04-07,,,,,101.6500015258789
1969-04-14,,,,,101.23999786376953
1969-04-21,,,,,101.72000122070312
1969-04-28,,,,,104.0
1969-05-05,,,,,105.05000305175781
1969-05-12,,,,,105.94000244140625
1969-05-19,,,,,104.58999633789062
1969-05-26,,,,,103.45999908447266
1969-06-02,,,,,102.12000274658203
1969-06-09,,,,,98.6500015258789
1969-06-16,,,,,96.66999816894531
1969-06-23,,,,,97.33000183105469
1969-06-30,,,,,99.61000061035156
1969-07-07,,,,,95.7699966430664
1969-07-14,,,,,94.94999694824219
1969-07-21,,,,,92.05999755859375
1969-07-28,,,,,93.47000122070312
1969-08-04,,,,,93.94000244140625
1969-08-11,,,,,94.0
1969-08-18,,,,,95.91999816894531
1969-08-25,,,,,95.51000213623047
1969-09-01,,,,,93.63999938964844
1969-09-08,,,,,94.12999725341797
1969-09-15,,,,,95.19000244140625
1969-09-22,,,,,94.16000366210938
1969-09-29,,,,,93.19000244140625
1969-10-06,,,,,93.55999755859375
1969-10-13,,,,,96.26000213623047
1969-10-20,,,,,98.12000274658203
1969-10-27,,,,,97.12000274658203
1969-11-03,,,,,98.26000213623047
1969-11-10,,,,,97.06999969482422
1969-11-17,,,,,94.31999969482422
1969-11-24,,,,,93.80999755859375
1969-12-01,,,,,91.7300033569336
1969-12-08,,,,,90.80999755859375
1969-12-15,,,,,91.37999725341797
1969-12-22,,,,,91.88999938964844
1969-12-29,,,,,93.0
1970-01-05,,,,,92.4000015258789
1970-01-12,,,,,90.91999816894531
1970-01-19,,,,,89.37000274658203
1970-01-26,,,,,85.0199966430664
1970-02-02,,,,,86.33000183105469
1970-02-09,,,,,86.54000091552734
1970-02-16,,,,,88.02999877929688
1970-02-23,,,,,89.5
1970-03-02,,,,,89.44000244140625
1970-03-09,,,,,87.86000061035156
1970-03-16,,,,,87.05999755859375
1970-03-23,,,,,89.91999816894531
1970-03-30,,,,,89.38999938964844
1970-04-06,,,,,88.23999786376953
1970-04-13,,,,,85.66999816894531
1970-04-20,,,,,82.7699966430664
1970-04-27,,,,,81.44000244140625
1970-05-04,,,,,79.44000244140625
1970-05-11,,,,,76.9000015258789
1970-05-18,,,,,72.25
1970-05-25,,,,,76.55000305175781
1970-06-01,,,,,76.16999816894531
1970-06-08,,,,,73.87999725341797
1970-06-15,,,,,77.05000305175781
1970-06-22,,,,,73.47000122070312
1970-06-29,,,,,72.91999816894531
1970-07-06,,,,,74.44999694824219
1970-07-13,,,,,77.69000244140625
1970-07-20,,,,,77.81999969482422
1970-07-27,,,,,78.05000305175781
1970-08-03,,,,,77.27999877929688
1970-08-10,,,,,75.18000030517578
1970-08-17,,,,,79.23999786376953
1970-08-24,,,,,81.86000061035156
1970-08-31,,,,,82.83000183105469
1970-09-07,,,,,82.5199966430664
1970-09-14,,,,,82.62000274658203
1970-09-21,,,,,82.83000183105469
1970-09-28,,,,,85.16000366210938
1970-10-05,,,,,85.08000183105469
1970-10-12,,,,,84.27999877929688
1970-10-19,,,,,83.7699966430664
1970-10-26,,,,,83.25
1970-11-02,,,,,84.22000122070312
1970-11-09,,,,,83.37000274658203
1970-11-16,,,,,83.72000122070312
1970-11-23,,,,,85.93000030517578
1970-11-30,,,,,89.45999908447266
1970-12-07,,,,,90.26000213623047
1970-12-14,,,,,90.22000122070312
1970-12-21,,,,,90.61000061035156
1970-12-28,,,,,92.1500015258789
1971-01-04,,,,,92.19000244140625
1971-01-11,,,,,93.02999877929688
1971-01-18,,,,,94.87999725341797
1971-01-25,,,,,95.87999725341797
1971-02-01,,,,,96.93000030517578
1971-02-08,,,,,98.43000030517578
1971-02-15,,,,,96.73999786376953
1971-02-22,,,,,96.75
1971-03-01,,,,,98.95999908447266
1971-03-08,,,,,99.56999969482422
1971-03-15,,,,,101.01000213623047
1971-03-22,,,,,99.94999694824219
1971-03-29,,,,,100.55999755859375
1971-04-05,,,,,102.0999984741211
1971-04-12,,,,,103.48999786376953
1971-04-19,,,,,104.05000305175781
1971-04-26,,,,,103.94999694824219
1971-05-03,,,,,102.87000274658203
1971-05-10,,,,,102.20999908447266
1971-05-17,,,,,100.98999786376953
1971-05-24,,,,,99.62999725341797
1971-05-31,,,,,101.30000305175781
1971-06-07,,,,,101.06999969482422
1971-06-14,,,,,98.97000122070312
1971-06-21,,,,,97.98999786376953
1971-06-28,,,,,99.77999877929688
1971-07-05,,,,,100.69000244140625
1971-07-12,,,,,99.11000061035156
1971-07-19,,,,,98.94000244140625
1971-07-26,,,,,95.58000183105469
1971-08-02,,,,,94.25
1971-08-09,,,,,95.69000244140625
1971-08-16,,,,,98.33000183105469
1971-08-23,,,,,100.4800033569336
1971-08-30,,,,,100.69000244140625
1971-09-06,,,,,100.41999816894531
1971-09-13,,,,,99.95999908447266
1971-09-20,,,,,98.1500015258789
1971-09-27,,,,,98.93000030517578
1971-10-04,,,,,99.36000061035156
1971-10-11,,,,,97.79000091552734
1971-10-18,,,,,95.56999969482422
1971-10-25,,,,,94.2300033569336
1971-11-01,,,,,94.45999908447266
1971-11-08,,,,,92.12000274658203
1971-11-15,,,,,91.61000061035156
1971-11-22,,,,,91.94000244140625
1971-11-29,,,,,97.05999755859375
1971-12-06,,,,,97.69000244140625
1971-12-13,,,,,100.26000213623047
1971-12-20,,,,,100.73999786376953
1971-12-27,,,,,102.08999633789062
1972-01-03,,,,,103.47000122070312
1972-01-10,,,,,103.38999938964844
1972-01-17,,,,,103.6500015258789
1972-01-24,,,,,104.16000366210938
1972-01-31,,,,,104.86000061035156
1972-02-07,,,,,105.08000183105469
1972-02-14,,,,,105.27999877929688
1972-02-21,,,,,106.18000030517578
1972-02-28,,,,,107.94000244140625
1972-03-06,,,,,108.37999725341797
1972-03-13,,,,,107.91999816894531
1972-03-20,,,,,107.5199966430664
1972-03-27,,,,,107.19999694824219
1972-04-03,,,,,109.62000274658203
1972-04-10,,,,,109.83999633789062
1972-04-17,,,,,108.88999938964844
1972-04-24,,,,,107.66999816894531
1972-05-01,,,,,106.62999725341797
1972-05-08,,,,,106.37999725341797
1972-05-15,,,,,108.9800033569336
1972-05-22,,,,,110.66000366210938
1972-05-29,,,,,109.7300033569336
1972-06-05,,,,,106.86000061035156
1972-06-12,,,,,108.36000061035156
1972-06-19,,,,,108.2699966430664
1972-06-26,,,,,107.13999938964844
1972-07-03,,,,,108.69000244140625
1972-07-10,,,,,106.80000305175781
1972-07-17,,,,,106.66000366210938
1972-07-24,,,,,107.37999725341797
1972-07-31,,,,,110.43000030517578
1972-08-07,,,,,111.94999694824219
1972-08-14,,,,,111.76000213623047
1972-08-21,,,,,110.66999816894531
1972-08-28,,,,,111.51000213623047
1972-09-04,,,,,110.1500015258789
1972-09-11,,,,,108.80999755859375
1972-09-18,,,,,108.5199966430664
1972-09-25,,,,,110.55000305175781
1972-10-02,,,,,109.62000274658203
1972-10-09,,,,,107.91999816894531
1972-10-16,,,,,109.23999786376953
1972-10-23,,,,,110.62000274658203
1972-10-30,,,,,114.22000122070312
1972-11-06,,,,,113.7300033569336
1972-11-13,,,,,115.48999786376953
1972-11-20,,,,,117.2699966430664
1972-11-27,,,,,117.37999725341797
1972-12-04,,,,,118.86000061035156
1972-12-11,,,,,118.26000213623047
1972-12-18,,,,,115.83000183105469
1972-12-25,,,,,118.05000305175781
1973-01-01,,,,,119.87000274658203
1973-01-08,,,,,119.30000305175781
1973-01-15,,,,,118.77999877929688
1973-01-22,,,,,116.44999694824219
1973-01-29,,,,,114.3499984741211
1973-02-05,,,,,114.68000030517578
1973-02-12,,,,,114.9800033569336
1973-02-19,,,,,113.16000366210938
1973-02-26,,,,,112.27999877929688
1973-03-05,,,,,113.79000091552734
1973-03-12,,,,,113.54000091552734
1973-03-19,,,,,108.87999725341797
1973-03-26,,,,,111.5199966430664
1973-04-02,,,,,109.27999877929688
1973-04-09,,,,,112.08000183105469
1973-04-16,,,,,112.16999816894531
1973-04-23,,,,,107.2300033569336
1973-04-30,,,,,111.0
1973-05-07,,,,,108.16999816894531
1973-05-14,,,,,103.86000061035156
1973-05-21,,,,,107.94000244140625
1973-05-28,,,,,103.93000030517578
1973-06-04,,,,,107.02999877929688
1973-06-11,,,,,105.0999984741211
1973-06-18,,,,,103.69999694824219
1973-06-25,,,,,104.26000213623047
1973-07-02,,,,,101.27999877929688
1973-07-09,,,,,104.08999633789062
1973-07-16,,,,,107.13999938964844
1973-07-23,,,,,109.58999633789062
1973-07-30,,,,,106.48999786376953
1973-08-06,,,,,104.7699966430664
1973-08-13,,,,,102.30999755859375
1973-08-20,,,,,101.62000274658203
1973-08-27,,,,,104.25
1973-09-03,,,,,104.76000213623047
1973-09-10,,,,,104.44000244140625
1973-09-17,,,,,107.19999694824219
1973-09-24,,,,,108.43000030517578
1973-10-01,,,,,109.8499984741211
1973-10-08,,,,,111.44000244140625
1973-10-15,,,,,110.22000122070312
1973-10-22,,,,,111.37999725341797
1973-10-29,,,,,107.06999969482422
1973-11-05,,,,,105.30000305175781
1973-11-12,,,,,103.87999725341797
1973-11-19,,,,,99.44000244140625
1973-11-26,,,,,95.95999908447266
1973-12-03,,,,,96.51000213623047
1973-12-10,,,,,93.29000091552734
1973-12-17,,,,,93.54000091552734
1973-12-24,,,,,97.54000091552734
1973-12-31,,,,,98.9000015258789
1974-01-07,,,,,93.66000366210938
1974-01-14,,,,,95.55999755859375
1974-01-21,,,,,96.62999725341797
1974-01-28,,,,,95.31999969482422
1974-02-04,,,,,92.33000183105469
1974-02-11,,,,,92.2699966430664
1974-02-18,,,,,95.38999938964844
1974-02-25,,,,,95.52999877929688
1974-03-04,,,,,97.77999877929688
1974-03-11,,,,,99.27999877929688
1974-03-18,,,,,97.2699966430664
1974-03-25,,,,,93.9800033569336
1974-04-01,,,,,93.01000213623047
1974-04-08,,,,,92.12000274658203
1974-04-15,,,,,93.75
1974-04-22,,,,,90.18000030517578
1974-04-29,,,,,91.29000091552734
1974-05-06,,,,,91.47000122070312
1974-05-13,,,,,88.20999908447266
1974-05-20,,,,,88.58000183105469
1974-05-27,,,,,87.27999877929688
1974-06-03,,,,,92.55000305175781
1974-06-10,,,,,91.30000305175781
1974-06-17,,,,,87.45999908447266
1974-06-24,,,,,86.0
1974-07-01,,,,,83.66000366210938
1974-07-08,,,,,83.1500015258789
1974-07-15,,,,,83.54000091552734
1974-07-22,,,,,82.4000015258789
1974-07-29,,,,,78.58999633789062
1974-08-05,,,,,80.86000061035156
1974-08-12,,,,,75.66999816894531
1974-08-19,,,,,71.55000305175781
1974-08-26,,,,,72.1500015258789
1974-09-02,,,,,71.41999816894531
1974-09-09,,,,,65.19999694824219
1974-09-16,,,,,70.13999938964844
1974-09-23,,,,,64.94000244140625
1974-09-30,,,,,62.34000015258789
1974-10-07,,,,,71.13999938964844
1974-10-14,,,,,72.27999877929688
1974-10-21,,,,,70.12000274658203
1974-10-28,,,,,73.87999725341797
1974-11-04,,,,,74.91000366210938
1974-11-11,,,,,71.91000366210938
1974-11-18,,,,,68.9000015258789
1974-11-25,,,,,69.97000122070312
1974-12-02,,,,,65.01000213623047
1974-12-09,,,,,67.06999969482422
1974-12-16,,,,,66.91000366210938
1974-12-23,,,,,67.13999938964844
1974-12-30,,,,,70.70999908447266
1975-01-06,,,,,72.61000061035156
1975-01-13,,,,,70.95999908447266
1975-01-20,,,,,72.9800033569336
1975-01-27,,,,,76.9800033569336
1975-02-03,,,,,78.62999725341797
1975-02-10,,,,,81.5
1975-02-17,,,,,82.62000274658203
1975-02-24,,,,,81.58999633789062
1975-03-03,,,,,84.30000305175781
1975-03-10,,,,,84.76000213623047
1975-03-17,,,,,83.38999938964844
1975-03-24,,,,,83.8499984741211
1975-03-31,,,,,80.87999725341797
1975-04-07,,,,,84.18000030517578
1975-04-14,,,,,86.30000305175781
1975-04-21,,,,,86.62000274658203
1975-04-28,,,,,89.22000122070312
1975-05-05,,,,,90.52999877929688
1975-05-12,,,,,90.43000030517578
1975-05-19,,,,,90.58000183105469
1975-05-26,,,,,91.1500015258789
1975-06-02,,,,,92.4800033569336
1975-06-09,,,,,90.5199966430664
1975-06-16,,,,,92.61000061035156
1975-06-23,,,,,94.80999755859375
1975-06-30,,,,,94.36000061035156
1975-07-07,,,,,94.66000366210938
1975-07-14,,,,,93.19999694824219
1975-07-21,,,,,89.29000091552734
1975-07-28,,,,,87.98999786376953
1975-08-04,,,,,86.0199966430664
1975-08-11,,,,,86.36000061035156
1975-08-18,,,,,84.27999877929688
1975-08-25,,,,,86.87999725341797
1975-09-01,,,,,85.62000274658203
1975-09-08,,,,,83.30000305175781
1975-09-15,,,,,85.87999725341797
1975-09-22,,,,,86.19000244140625
1975-09-29,,,,,85.94999694824219
1975-10-06,,,,,88.20999908447266
1975-10-13,,,,,88.86000061035156
1975-10-20,,,,,89.83000183105469
1975-10-27,,,,,89.04000091552734
1975-11-03,,,,,89.33000183105469
1975-11-10,,,,,90.97000122070312
1975-11-17,,,,,89.52999877929688
1975-11-24,,,,,91.23999786376953
1975-12-01,,,,,86.81999969482422
1975-12-08,,,,,87.83000183105469
1975-12-15,,,,,88.80000305175781
1975-12-22,,,,,90.25
1975-12-29,,,,,90.9000015258789
1976-01-05,,,,,94.94999694824219
1976-01-12,,,,,97.0
1976-01-19,,,,,99.20999908447266
1976-01-26,,,,,100.86000061035156
1976-02-02,,,,,99.45999908447266
1976-02-09,,,,,99.66999816894531
1976-02-16,,,,,102.0999984741211
1976-02-23,,,,,99.70999908447266
1976-03-01,,,,,99.11000061035156
1976-03-08,,,,,100.86000061035156
1976-03-15,,,,,100.58000183105469
1976-03-22,,,,,102.8499984741211
1976-03-29,,,,,102.25
1976-04-05,,,,,100.3499984741211
1976-04-12,,,,,100.66999816894531
1976-04-19,,,,,102.29000091552734
1976-04-26,,,,,101.63999938964844
1976-05-03,,,,,101.87999725341797
1976-05-10,,,,,101.33999633789062
1976-05-17,,,,,101.26000213623047
1976-05-24,,,,,100.18000030517578
1976-05-31,,,,,99.1500015258789
1976-06-07,,,,,100.91999816894531
1976-06-14,,,,,103.76000213623047
1976-06-21,,,,,103.72000122070312
1976-06-28,,,,,104.11000061035156
1976-07-05,,,,,104.9800033569336
1976-07-12,,,,,104.68000030517578
1976-07-19,,,,,104.05999755859375
1976-07-26,,,,,103.44000244140625
1976-08-02,,,,,103.79000091552734
1976-08-09,,,,,104.25
1976-08-16,,,,,102.37000274658203
1976-08-23,,,,,101.4800033569336
1976-08-30,,,,,104.30000305175781
1976-09-06,,,,,104.6500015258789
1976-09-13,,,,,106.2699966430664
1976-09-20,,,,,106.80000305175781
1976-09-27,,,,,104.16999816894531
1976-10-04,,,,,102.55999755859375
1976-10-11,,,,,100.87999725341797
1976-10-18,,,,,99.95999908447266
1976-10-25,,,,,102.9000015258789
1976-11-01,,,,,100.81999969482422
1976-11-08,,,,,99.23999786376953
1976-11-15,,,,,101.91999816894531
1976-11-22,,,,,103.1500015258789
1976-11-29,,,,,102.76000213623047
1976-12-06,,,,,104.69999694824219
1976-12-13,,,,,104.26000213623047
1976-12-20,,,,,104.83999633789062
1976-12-27,,,,,107.45999908447266
1977-01-03,,,,,105.01000213623047
1977-01-10,,,,,104.01000213623047
1977-01-17,,,,,103.31999969482422
1977-01-24,,,,,101.93000030517578
1977-01-31,,,,,101.87999725341797
1977-02-07,,,,,100.22000122070312
1977-02-14,,,,,100.48999786376953
1977-02-21,,,,,99.4800033569336
1977-02-28,,,,,101.19999694824219
1977-03-07,,,,,100.6500015258789
1977-03-14,,,,,101.86000061035156
1977-03-21,,,,,99.05999755859375
1977-03-28,,,,,99.20999908447266
1977-04-04,,,,,98.3499984741211
1977-04-11,,,,,101.04000091552734
1977-04-18,,,,,98.44000244140625
1977-04-25,,,,,98.44000244140625
1977-05-02,,,,,99.48999786376953
1977-05-09,,,,,99.02999877929688
1977-05-16,,,,,99.44999694824219
1977-05-23,,,,,96.2699966430664
1977-05-30,,,,,97.69000244140625
1977-06-06,,,,,98.45999908447266
1977-06-13,,,,,99.97000122070312
1977-06-20,,,,,101.19000244140625
1977-06-27,,,,,100.0999984741211
1977-07-04,,,,,99.79000091552734
1977-07-11,,,,,100.18000030517578
1977-07-18,,,,,101.66999816894531
1977-07-25,,,,,98.8499984741211
1977-08-01,,,,,98.76000213623047
1977-08-08,,,,,97.87999725341797
1977-08-15,,,,,97.51000213623047
1977-08-22,,,,,96.05999755859375
1977-08-29,,,,,97.44999694824219
1977-09-05,,,,,96.37000274658203
1977-09-12,,,,,96.4800033569336
1977-09-19,,,,,95.04000091552734
1977-09-26,,,,,96.52999877929688
1977-10-03,,,,,95.97000122070312
1977-10-10,,,,,93.55999755859375
1977-10-17,,,,,92.31999969482422
1977-10-24,,,,,92.61000061035156
1977-10-31,,,,,91.58000183105469
1977-11-07,,,,,95.9800033569336
1977-11-14,,,,,95.33000183105469
1977-11-21,,,,,96.69000244140625
1977-11-28,,,,,94.66999816894531
1977-12-05,,,,,93.6500015258789
1977-12-12,,,,,93.4000015258789
1977-12-19,,,,,94.69000244140625
1977-12-26,,,,,95.0999984741211
1978-01-02,,,,,91.62000274658203
1978-01-09,,,,,89.69000244140625
1978-01-16,,,,,89.88999938964844
1978-01-23,,,,,88.58000183105469
1978-01-30,,,,,89.62000274658203
1978-02-06,,,,,90.08000183105469
1978-02-13,,,,,87.95999908447266
1978-02-20,,,,,88.48999786376953
1978-02-27,,,,,87.44999694824219
1978-03-06,,,,,88.87999725341797
1978-03-13,,,,,90.19999694824219
1978-03-20,,,,,89.36000061035156
1978-03-27,,,,,89.20999908447266
1978-04-03,,,,,90.16999816894531
1978-04-10,,,,,92.91999816894531
1978-04-17,,,,,94.33999633789062
1978-04-24,,,,,96.83000183105469
1978-05-01,,,,,96.52999877929688
1978-05-08,,,,,98.06999969482422
1978-05-15,,,,,98.12000274658203
1978-05-22,,,,,96.58000183105469
1978-05-29,,,,,98.13999938964844
1978-06-05,,,,,99.93000030517578
1978-06-12,,,,,97.41999816894531
1978-06-19,,,,,95.8499984741211
1978-06-26,,,,,95.52999877929688
1978-07-03,,,,,94.88999938964844
1978-07-10,,,,,97.58000183105469
1978-07-17,,,,,97.75
1978-07-24,,,,,100.0
1978-07-31,,,,,103.91999816894531
1978-08-07,,,,,103.95999908447266
1978-08-14,,,,,104.7300033569336
1978-08-21,,,,,104.9000015258789
1978-08-28,,,,,103.68000030517578
1978-09-04,,,,,106.79000091552734
1978-09-11,,,,,104.12000274658203
1978-09-18,,,,,101.83999633789062
1978-09-25,,,,,102.54000091552734
1978-10-02,,,,,103.5199966430664
1978-10-09,,,,,104.66000366210938
1978-10-16,,,,,97.94999694824219
1978-10-23,,,,,94.58999633789062
1978-10-30,,,,,96.18000030517578
1978-11-06,,,,,94.7699966430664
1978-11-13,,,,,94.41999816894531
1978-11-20,,,,,95.79000091552734
1978-11-27,,,,,96.27999877929688
1978-12-04,,,,,96.62999725341797
1978-12-11,,,,,95.33000183105469
1978-12-18,,,,,96.30999755859375
1978-12-25,,,,,96.11000061035156
1979-01-01,,,,,99.12999725341797
1979-01-08,,,,,99.93000030517578
1979-01-15,,,,,99.75
1979-01-22,,,,,101.86000061035156
1979-01-29,,,,,99.5
1979-02-05,,,,,97.87000274658203
1979-02-12,,,,,98.66999816894531
1979-02-19,,,,,97.77999877929688
1979-02-26,,,,,96.97000122070312
1979-03-05,,,,,99.54000091552734
1979-03-12,,,,,100.69000244140625
1979-03-19,,,,,101.5999984741211
1979-03-26,,,,,101.58999633789062
1979-04-02,,,,,103.18000030517578
1979-04-09,,,,,102.0
1979-04-16,,,,,101.2300033569336
1979-04-23,,,,,101.80000305175781
1979-04-30,,,,,100.69000244140625
1979-05-07,,,,,98.5199966430664
1979-05-14,,,,,99.93000030517578
1979-05-21,,,,,100.22000122070312
1979-05-28,,,,,99.16999816894531
1979-06-04,,,,,101.48999786376953
1979-06-11,,,,,102.08999633789062
1979-06-18,,,,,102.63999938964844
1979-06-25,,,,,102.91000366210938
1979-07-02,,,,,103.62000274658203
1979-07-09,,,,,102.31999969482422
1979-07-16,,,,,101.81999969482422
1979-07-23,,,,,103.0999984741211
1979-07-30,,,,,104.04000091552734
1979-08-06,,,,,106.4000015258789
1979-08-13,,,,,108.30000305175781
1979-08-20,,,,,108.5999984741211
1979-08-27,,,,,109.31999969482422
1979-09-03,,,,,107.66000366210938
1979-09-10,,,,,108.76000213623047
1979-09-17,,,,,110.47000122070312
1979-09-24,,,,,109.31999969482422
1979-10-01,,,,,111.2699966430664
1979-10-08,,,,,104.48999786376953
1979-10-15,,,,,101.5999984741211
1979-10-22,,,,,100.56999969482422
1979-10-29,,,,,102.51000213623047
1979-11-05,,,,,101.51000213623047
1979-11-12,,,,,103.79000091552734
1979-11-19,,,,,104.66999816894531
1979-11-26,,,,,106.16000366210938
1979-12-03,,,,,107.5199966430664
1979-12-10,,,,,108.91999816894531
1979-12-17,,,,,107.58999633789062
1979-12-24,,,,,107.83999633789062
1979-12-31,,,,,106.5199966430664
1980-01-07,,,,,109.91999816894531
1980-01-14,,,,,111.06999969482422
1980-01-21,,,,,113.61000061035156
1980-01-28,,,,,115.12000274658203
1980-02-04,,,,,117.94999694824219
1980-02-11,,,,,115.41000366210938
1980-02-18,,,,,115.04000091552734
1980-02-25,,,,,113.66000366210938
1980-03-03,,,,,106.9000015258789
1980-03-10,,,,,105.43000030517578
1980-03-17,,,1.0660964250564575,0.09430540353059769,102.30999755859375
1980-03-24,,,1.0245109796524048,0.0864466056227684,100.68000030517578
1980-03-31,,,1.122803807258606,0.09135853499174118,102.1500015258789
1980-04-07,,,1.1190234422683716,0.09725219756364822,103.79000091552734
1980-04-14,,,1.0812181234359741,0.10118181258440018,100.55000305175781
1980-04-21,,,1.0660964250564575,0.10019965469837189,105.16000366210938
1980-04-28,,,1.1341451406478882,0.10412878543138504,105.58000183105469
1980-05-05,,,1.1832913160324097,0.11395258456468582,104.72000122070312
1980-05-12,,,1.171950101852417,0.11493488401174545,107.3499984741211
1980-05-19,,,1.1946336030960083,0.11984635144472122,110.62000274658203
1980-05-26,,,1.1832913160324097,0.11788178980350494,111.23999786376953
1980-06-02,,,1.270242691040039,0.12475825101137161,113.19999694824219
1980-06-09,,,1.3004859685897827,0.12574054300785065,115.80999755859375
1980-06-16,,,1.1795111894607544,0.12574054300785065,114.05999755859375
1980-06-23,,,1.213536024093628,0.1345815807580948,116.0
1980-06-30,,,1.217315435409546,0.1345815807580948,117.45999908447266
1980-07-07,,,1.2286572456359863,0.14145810902118683,117.83999633789062
1980-07-14,,,1.2929257154464722,0.14735229313373566,122.04000091552734
1980-07-21,,,1.2664629220962524,0.13752895593643188,120.77999877929688
1980-07-28,,,1.2551196813583374,0.14047576487064362,121.20999908447266
1980-08-04,,,1.2475603818893433,0.14735229313373566,123.61000061035156
1980-08-11,,,1.270242691040039,0.14735229313373566,125.72000122070312
1980-08-18,,,1.2551196813583374,0.14047576487064362,126.0199966430664
1980-08-25,,,1.2399983406066895,0.14538772404193878,122.37999725341797
1980-09-01,,,1.281584620475769,0.14931686222553253,124.87999725341797
1980-09-08,,,1.2891449928283691,0.1512814313173294,125.54000091552734
1980-09-15,,,1.2929257154464722,0.156193345785141,129.25
1980-09-22,,,1.2059746980667114,0.156193345785141,126.3499984741211
1980-09-29,,,1.2286572456359863,0.15521101653575897,129.3300018310547
1980-10-06,,,1.2513400316238403,0.16306982934474945,130.2899932861328
1980-10-13,,,1.2475603818893433,0.1728932112455368,131.52000427246094
1980-10-20,,,1.2324377298355103,0.1689639687538147,129.85000610351562
1980-10-27,,,1.2437793016433716,0.16012254357337952,127.47000122070312
1980-11-03,,,1.2021931409835815,0.15717563033103943,129.17999267578125
1980-11-10,,,1.2740230560302734,0.15815789997577667,137.14999389648438
1980-11-17,,,1.1870723962783813,0.15717563033103943,139.11000061035156
1980-11-24,,,1.190852403640747,0.15914016962051392,140.52000427246094
1980-12-01,,,1.17573082447052,0.15914016962051392,134.02999877929688
1980-12-08,,,1.1681702136993408,0.1512814313173294,129.22999572753906
1980-12-15,,,1.2626820802688599,0.1620876044034958,133.6999969482422
1980-12-22,,,1.2626820802688599,0.16306982934474945,136.57000732421875
1980-12-29,,,1.296705961227417,0.1620876044034958,136.33999633789062
1981-01-05,,,1.376096248626709,0.1669989973306656,133.47999572753906
1981-01-12,,,1.4630476236343384,0.16798129677772522,134.77000427246094
1981-01-19,,,1.413901448249817,0.16601675748825073,130.22999572753906
1981-01-26,,,1.3874375820159912,0.16110537946224213,129.5500030517578
1981-02-02,,,1.413901448249817,0.16110537946224213,130.60000610351562
1981-02-09,,,1.4781697988510132,0.1620876044034958,126.9800033569336
1981-02-16,,,1.4819495677947998,0.16012254357337952,126.58000183105469
1981-02-23,,,1.52731454372406,0.16012254357337952,131.27000427246094
1981-03-02,,,1.5197553634643555,0.16012254357337952,129.85000610351562
1981-03-09,,,1.5575604438781738,0.16110537946224213,133.11000061035156
1981-03-16,,,1.6180461645126343,0.16110537946224213,134.0800018310547
1981-03-23,,,1.576461672782898,0.16306982934474945,134.64999389648438
1981-03-30,,,1.6029247045516968,0.1689639687538147,135.49000549316406
1981-04-06,,,1.6331690549850464,0.1827164888381958,134.50999450683594
1981-04-13,,,1.655852198600769,0.1827164888381958,134.6999969482422
1981-04-20,,,1.6936578750610352,0.1827164888381958,135.13999938964844
1981-04-27,,,1.6256077289581299,0.18173426389694214,132.72000122070312
1981-05-04,,,1.5915844440460205,0.17780517041683197,131.66000366210938
1981-05-11,,,1.587803602218628,0.17878742516040802,132.1699981689453
1981-05-18,,,1.7163394689559937,0.18566393852233887,131.3300018310547
1981-05-25,,,1.7390238046646118,0.19646959006786346,132.58999633789062
1981-06-01,,,1.7276813983917236,0.20629285275936127,132.22000122070312
1981-06-08,,,1.8373141288757324,0.22692249715328217,133.49000549316406
1981-06-15,,,1.7919503450393677,0.24165767431259155,132.27000427246094
1981-06-22,,,1.7390238046646118,0.22790470719337463,132.55999755859375
1981-06-29,,,1.7352415323257446,0.22888697683811188,128.63999938964844
1981-07-06,,,1.6898765563964844,0.23281674087047577,129.3699951171875
1981-07-13,,,1.6331690549850464,0.23281674087047577,130.75999450683594
1981-07-20,,,1.6104859113693237,0.2318345010280609,128.4600067138672
1981-07-27,,,1.6180461645126343,0.22888697683811188,130.9199981689453
1981-08-03,,,1.5991450548171997,0.22790470719337463,131.75
1981-08-10,,,1.6860963106155396,0.22692249715328217,132.49000549316406
1981-08-17,,,1.6104859113693237,0.22201062738895416,129.22999572753906
1981-08-24,,,1.572680950164795,0.22299271821975708,124.08000183105469
1981-08-31,,,1.4706093072891235,0.20334602892398834,120.06999969482422
1981-09-07,,,1.52731454372406,0.20334602892398834,121.61000061035156
1981-09-14,,,1.5121941566467285,0.20531070232391357,116.26000213623047
1981-09-21,,,1.5084136724472046,0.20727525651454926,112.7699966430664
1981-09-28,,,1.5651201009750366,0.21808136999607086,119.36000061035156
1981-10-05,,,1.6860963106155396,0.22397568821907043,121.44999694824219
1981-10-12,,,1.655852198600769,0.22888697683811188,119.19000244140625
1981-10-19,,,1.6180461645126343,0.2318345010280609,118.5999984741211
1981-10-26,,,1.6898765563964844,0.233799010515213,121.88999938964844
1981-11-02,,,1.7390238046646118,0.23478122055530548,122.66999816894531
1981-11-09,,,1.6936578750610352,0.24067535996437073,121.66999816894531
1981-11-16,,,1.6482911109924316,0.2465692162513733,121.70999908447266
1981-11-23,,,1.6898765563964844,0.24264012277126312,125.08999633789062
1981-11-30,,,1.6634143590927124,0.2357635796070099,126.26000213623047
1981-12-07,,,1.6256077289581299,0.23772795498371124,124.93000030517578
1981-12-14,,,1.621828556060791,0.2436223030090332,124.0
1981-12-21,,,1.6142668724060059,0.2396930307149887,122.54000091552734
1981-12-28,,,1.6482911109924316,0.24264012277126312,122.55000305175781
1982-01-04,,,1.5689005851745605,0.24165767431259155,119.55000305175781
1982-01-11,,,1.489511251449585,0.2396930307149887,116.33000183105469
1982-01-18,,,1.4479260444641113,0.24755190312862396,115.37999725341797
1982-01-25,,,1.5159740447998047,0.2662162780761719,120.4000015258789
1982-02-01,,,1.5537793636322021,0.27603965997695923,117.26000213623047
1982-02-08,,,1.606706142425537,0.27505743503570557,114.37999725341797
1982-02-15,,,1.6104859113693237,0.2740750014781952,113.22000122070312
1982-02-22,,,1.6709742546081543,0.2770221531391144,113.11000061035156
1982-03-01,,,1.6596323251724243,0.2789870798587799,109.33999633789062
1982-03-08,,,1.572680950164795,0.2770221531391144,108.61000061035156
1982-03-15,,,1.5424375534057617,0.267198771238327,110.61000061035156
1982-03-22,,,1.5386565923690796,0.270145446062088,111.94000244140625
1982-03-29,,,1.587803602218628,0.27505743503570557,115.12000274658203
1982-04-05,,,1.6331690549850464,0.2907749116420746,116.22000122070312
1982-04-12,,,1.5821319818496704,0.2858629524707794,116.80999755859375
1982-04-19,,,1.6331690549850464,0.28782814741134644,118.63999938964844
1982-04-26,,,1.5594502687454224,0.2937217950820923,116.44000244140625
1982-05-03,,,1.536766767501831,0.2947045862674713,119.47000122070312
1982-05-10,,,1.4743889570236206,0.2947045862674713,118.01000213623047
1982-05-17,,,1.4517059326171875,0.29863372445106506,114.88999938964844
1982-05-24,,,1.4517059326171875,0.2740750014781952,111.87999725341797
1982-05-31,,,1.394998550415039,0.26130440831184387,110.08999633789062
1982-06-07,,,1.485731601715088,0.2721107006072998,111.23999786376953
1982-06-14,,,1.4517059326171875,0.28291621804237366,107.27999877929688
1982-06-21,,,1.3609744310379028,0.2838985025882721,109.13999938964844
1982-06-28,,,1.3609744310379028,0.28291621804237366,107.6500015258789
1982-07-05,,,1.281584620475769,0.26818105578422546,108.83000183105469
1982-07-12,,,1.270242691040039,0.28193387389183044,111.06999969482422
1982-07-19,,,1.253231167793274,0.2789870798587799,111.16999816894531
1982-07-26,,,1.25890052318573,0.2642517387866974,107.08999633789062
1982-08-02,,,1.2759137153625488,0.2652340233325958,103.70999908447266
1982-08-09,,,1.3156081438064575,0.2622866630554199,103.8499984741211
1982-08-16,,,1.4517059326171875,0.2691631615161896,113.0199966430664
1982-08-23,,,1.4403657913208008,0.28684574365615845,117.11000061035156
1982-08-30,,,1.394998550415039,0.30059823393821716,122.68000030517578
1982-09-06,,,1.3609744310379028,0.33203351497650146,120.97000122070312
1982-09-13,,,1.5481079816818237,0.34971609711647034,122.55000305175781
1982-09-20,,,1.5537793636322021,0.3536452651023865,123.31999969482422
1982-09-27,,,1.621828556060791,0.3565921485424042,121.97000122070312
1982-10-04,,,1.7806085348129272,0.37329238653182983,131.0500030517578
1982-10-11,,,1.7806085348129272,0.37722161412239075,133.57000732421875
1982-10-18,,,1.9053629636764526,0.3890098035335541,138.8300018310547
1982-10-25,,,1.8543267250061035,0.38802698254585266,133.72000122070312
1982-11-01,,,2.0017662048339844,0.42830392718315125,142.16000366210938
1982-11-08,,,2.09816837310791,0.45679181814193726,139.52999877929688
1982-11-15,,,2.0414624214172363,0.448932945728302,137.02000427246094
1982-11-22,,,1.9280489683151245,0.44402170181274414,134.8800048828125
1982-11-29,,,1.9734139442443848,0.43812721967697144,138.69000244140625
1982-12-06,,,1.8713388442993164,0.423391729593277,139.57000732421875
1982-12-13,,,1.8713388442993164,0.43910935521125793,137.49000549316406
1982-12-20,,,1.8770095109939575,0.43812721967697144,139.72000122070312
1982-12-27,,,1.8373141288757324,0.43419772386550903,140.63999938964844
1983-01-03,,,1.8203030824661255,0.4243741035461426,145.17999267578125
1983-01-10,,,1.9110360145568848,0.42240968346595764,146.64999389648438
1983-01-17,,,1.8996937274932861,0.423391729593277,143.85000610351562
1983-01-24,,,1.8883521556854248,0.41258594393730164,144.50999450683594
1983-01-31,,,2.0528042316436768,0.41749778389930725,146.13999938964844
1983-02-07,,,1.9960966110229492,0.4410741329193115,147.64999389648438
1983-02-14,,,2.0301196575164795,0.4400918781757355,148.0
1983-02-21,,,2.0017662048339844,0.45580941438674927,149.74000549316406
1983-02-28,,,2.2342660427093506,0.5078738927841187,153.6699981689453
1983-03-07,,,2.137863874435425,0.522609293460846,151.24000549316406
1983-03-14,,,2.1265225410461426,0.5334147214889526,149.89999389648438
1983-03-21,,,2.188899517059326,0.5314503908157349,152.6699981689453
1983-03-28,,,2.1832289695739746,0.5314503908157349,152.9600067138672
1983-04-04,,,2.268289804458618,0.539309024810791,152.85000610351562
1983-04-11,,,2.4951207637786865,0.6011970043182373,158.75
1983-04-18,,,2.512131929397583,0.6385260820388794,160.4199981689453
1983-04-25,,,2.4951207637786865,0.624773383140564,164.42999267578125
1983-05-02,,,2.4610962867736816,0.6169149875640869,166.10000610351562
1983-05-09,,,2.41572904586792,0.6169149875640869,164.91000366210938
1983-05-16,,,2.319326162338257,0.6090558171272278,162.13999938964844
1983-05-23,,,2.381704807281494,0.6483497619628906,164.4600067138672
1983-05-30,,,2.41572904586792,0.6601377725601196,164.4199981689453
1983-06-06,,,2.3079864978790283,0.6404911279678345,162.67999267578125
1983-06-13,,,2.268289804458618,0.6915728449821472,169.1300048828125
1983-06-20,,,2.1832289695739746,0.7387255430221558,170.41000366210938
1983-06-27,,,2.132192850112915,0.734796941280365,168.63999938964844
1983-07-04,,,2.1265225410461426,0.703361988067627,167.0800018310547
1983-07-11,,,2.1548752784729004,0.644420325756073,164.2899932861328
1983-07-18,,,2.268289804458618,0.6522789001464844,168.88999938964844
1983-07-25,,,2.160546064376831,0.6287025213241577,162.55999755859375
1983-08-01,,,2.205911874771118,0.5815498232841492,161.74000549316406
1983-08-08,,,2.256948947906494,0.5815498232841492,162.16000366210938
1983-08-15,,,2.262619733810425,0.5815498232841492,163.97999572753906
1983-08-22,,,2.188899517059326,0.5658324360847473,162.13999938964844
1983-08-29,,,2.0868263244628906,0.5501148700714111,165.0
1983-09-05,,,2.0414624214172363,0.5658324360847473,166.9199981689453
1983-09-12,,,2.047131061553955,0.5501148700714111,166.25
1983-09-19,,,2.0301196575164795,0.5501148700714111,169.50999450683594
1983-09-26,,,1.8770095109939575,0.5029621720314026,166.07000732421875
1983-10-03,,,1.967741847038269,0.5304680466651917,170.8000030517578
1983-10-10,,,1.956400752067566,0.5108206868171692,169.86000061035156
1983-10-17,,,1.7919503450393677,0.5029621720314026,165.9499969482422
1983-10-24,,,1.8316454887390137,0.5029621720314026,163.3699951171875
1983-10-31,,,1.8996937274932861,0.49903300404548645,162.44000244140625
1983-11-07,,,2.0074374675750732,0.5186797380447388,166.2899932861328
1983-11-14,,,2.047131061553955,0.5186797380447388,165.08999633789062
1983-11-21,,,2.1095094680786133,0.5265383124351501,167.17999267578125
1983-11-28,,,2.115180730819702,0.534397542476654,165.44000244140625
1983-12-05,,,2.0414624214172363,0.5186797380447388,165.0800018310547
1983-12-12,,,2.0357906818389893,0.5029621720314026,162.38999938964844
1983-12-19,,,1.9790828227996826,0.4872446060180664,163.22000122070312
1983-12-26,,,1.9960966110229492,0.45580941438674927,164.92999267578125
1984-01-02,,,2.1265225410461426,0.4754563271999359,169.27999877929688
1984-01-09,,,2.2512786388397217,0.5068916082382202,167.02000427246094
1984-01-16,,,2.2229256629943848,0.5265383124351501,166.2100067138672
1984-01-23,,,2.268289804458618,0.522609293460846,163.94000244140625
1984-01-30,,,2.256948947906494,0.5029621720314026,160.91000366210938
1984-02-06,,,2.205911874771118,0.49117422103881836,156.3000030517578
1984-02-13,,,2.2739593982696533,0.49510324001312256,155.74000549316406
1984-02-20,,,2.1775598526000977,0.49117422103881836,157.50999450683594
1984-02-27,,,2.2229256629943848,0.5108206868171692,159.24000549316406
1984-03-05,,,2.1493453979492188,0.5108206868171692,154.35000610351562
1984-03-12,,,2.1897900104522705,0.5029621720314026,159.27000427246094
1984-03-19,,,2.1782355308532715,0.5108206868171692,156.86000061035156
1984-03-26,,,2.0973458290100098,0.5029621720314026,159.17999267578125
1984-04-02,,,1.9817897081375122,0.49903300404548645,155.47999572753906
1984-04-09,,,2.0742344856262207,0.49903300404548645,157.30999755859375
1984-04-16,,,2.0800132751464844,0.49903300404548645,158.02000427246094
1984-04-23,,,2.1840121746063232,0.5265383124351501,159.88999938964844
1984-04-30,,,2.2360150814056396,0.5422559976577759,159.11000061035156
1984-05-07,,,2.0626800060272217,0.5540446639060974,158.49000549316406
1984-05-14,,,2.071345567703247,0.5422559976577759,155.77999877929688
1984-05-21,,,1.9066773653030396,0.5147504806518555,151.6199951171875
1984-05-28,,,1.664009928703308,0.5147504806518555,153.24000549316406
1984-06-04,,,1.8026773929595947,0.5304680466651917,155.1699981689453
1984-06-11,,,1.7026469707489014,0.5304680466651917,149.02999877929688
1984-06-18,,,1.8711377382278442,0.5442208647727966,154.4600067138672
1984-06-25,,,1.7026469707489014,0.534397542476654,153.17999267578125
1984-07-02,,,1.7913265228271484,0.5265383124351501,152.24000549316406
1984-07-09,,,1.8445338010787964,0.5029621720314026,150.8800048828125
1984-07-16,,,1.764723539352417,0.49903300404548645,149.5500030517578
1984-07-23,,,1.942081093788147,0.49117422103881836,151.19000244140625
1984-07-30,,,1.9775538444519043,0.5383269190788269,162.35000610351562
1984-08-06,,,2.09283709526062,0.5540446639060974,165.4199981689453
1984-08-13,,,2.0218944549560547,0.5540446639060974,164.13999938964844
1984-08-20,,,2.048496961593628,0.5776204466819763,167.50999450683594
1984-08-27,,,1.9509490728378296,0.5815498232841492,166.67999267578125
1984-09-03,,,1.9775538444519043,0.5736911296844482,164.3699951171875
1984-09-10,,,2.2830474376678467,0.5854794979095459,168.77999877929688
1984-09-17,,,2.3011672496795654,0.6287025213241577,165.6699981689453
1984-09-24,,,2.210569381713867,0.6287025213241577,166.10000610351562
1984-10-01,,,2.0293760299682617,0.6011970043182373,162.67999267578125
1984-10-08,,,2.1562113761901855,0.5972674489021301,164.17999267578125
1984-10-15,,,2.210569381713867,0.6208435893058777,167.9600067138672
1984-10-22,,,2.1562113761901855,0.6208435893058777,165.2899932861328
1984-10-29,,,2.246807098388672,0.6522789001464844,167.4199981689453
1984-11-05,,,2.292107105255127,0.6601377725601196,167.60000610351562
1984-11-12,,,2.292107105255127,0.6640675663948059,164.10000610351562
1984-11-19,,,2.355524778366089,0.679785430431366,166.9199981689453
1984-11-26,,,2.328345537185669,0.6837140321731567,163.5800018310547
1984-12-03,,,2.4280030727386475,0.687643826007843,162.25999450683594
1984-12-10,,,2.480752944946289,0.6837140321731567,162.69000244140625
1984-12-17,,,2.4438648223876953,0.7190789580345154,165.50999450683594
1984-12-24,,,2.5637524127960205,0.7230080366134644,166.25999450683594
1984-12-31,,,2.4715306758880615,0.7308664917945862,163.67999267578125
1985-01-07,,,2.5729739665985107,0.734796941280365,167.91000366210938
1985-01-14,,,2.702085018157959,0.734796941280365,171.32000732421875
1985-01-21,,,2.821971893310547,0.7505140900611877,177.35000610351562
1985-01-28,,,2.785083293914795,0.7701606154441833,178.6300048828125
1985-02-04,,,3.0525262355804443,0.8055258989334106,182.19000244140625
1985-02-11,,,3.0709688663482666,0.8683961033821106,181.60000610351562
1985-02-18,,,2.821971893310547,0.8291019201278687,179.36000061035156
1985-02-25,,,2.96952748298645,0.8291019201278687,183.22999572753906
1985-03-04,,,2.8773040771484375,0.8251716494560242,179.10000610351562
1985-03-11,,,2.8300750255584717,0.8212432861328125,176.52999877929688
1985-03-18,,,2.8300750255584717,0.8212432861328125,179.0399932861328
1985-03-25,,,2.811332941055298,0.8173134326934814,180.66000366210938
1985-04-01,,,2.8488175868988037,0.8015961050987244,179.02999877929688
1985-04-08,,,2.961270332336426,0.7976668477058411,180.5399932861328
1985-04-15,,,3.0362398624420166,0.8330314755439758,181.11000061035156
1985-04-22,,,3.0174968242645264,0.8644658923149109,182.17999267578125
1985-04-29,,,2.8863022327423096,0.8625015616416931,180.0800018310547
1985-05-06,,,3.139319658279419,0.9234074354171753,184.27999877929688
1985-05-13,,,3.1955504417419434,0.9902064800262451,187.4199981689453
1985-05-20,,,3.111205577850342,1.0295004844665527,188.2899932861328
1985-05-27,,,3.1018378734588623,1.0255718231201172,189.5500030517578
1985-06-03,,,3.092466115951538,1.0766533613204956,189.67999267578125
1985-06-10,,,3.0349996089935303,1.0727243423461914,187.10000610351562
1985-06-17,,,3.0445146560668945,1.068795084953308,189.61000061035156
1985-06-24,,,3.1396567821502686,1.0530766248703003,191.85000610351562
1985-07-01,,,3.244312286376953,1.0059243440628052,192.52000427246094
1985-07-08,,,3.32993745803833,1.0059243440628052,193.2899932861328
1985-07-15,,,3.1967408657073975,1.009853482246399,195.1300048828125
1985-07-22,,,3.1111133098602295,0.9607363939285278,192.39999389648438
1985-07-29,,,3.073056221008301,0.9666305780410767,191.47999572753906
1985-08-05,,,3.0349996089935303,0.9744892120361328,188.32000732421875
1985-08-12,,,3.0254857540130615,0.9902064800262451,186.10000610351562
1985-08-19,,,2.9779157638549805,0.9784188866615295,187.1699981689453
1985-08-26,,,3.0445146560668945,0.9587714076042175,188.6300048828125
1985-09-02,,,3.0254857540130615,0.9430543184280396,188.24000549316406
1985-09-09,,,2.793142318725586,0.9234074354171753,182.91000366210938
1985-09-16,,,2.793142318725586,0.8959016799926758,182.0500030517578
1985-09-23,,,2.6771645545959473,0.9351955652236938,181.2899932861328
1985-09-30,,,2.7738163471221924,0.9666305780410767,183.22000122070312
1985-10-07,,,2.9961063861846924,0.9548422694206238,184.27999877929688
1985-10-14,,,2.9671108722686768,0.9509122967720032,187.0399932861328
1985-10-21,,,2.9574460983276367,0.9823476076126099,187.52000427246094
1985-10-28,,,3.0347628593444824,1.0648651123046875,191.52999877929688
1985-11-04,,,3.0251002311706543,1.1080889701843262,193.72000122070312
1985-11-11,,,3.083089828491211,1.1552406549453735,198.11000061035156
1985-11-18,,,3.1990668773651123,1.2809816598892212,201.52000427246094
1985-11-25,,,3.2087326049804688,1.2338292598724365,202.1699981689453
1985-12-02,,,3.3827009201049805,1.1788175106048584,202.99000549316406
1985-12-09,,,3.5391688346862793,1.2731221914291382,209.94000244140625
1985-12-16,,,3.5391688346862793,1.3006290197372437,210.94000244140625
1985-12-23,,,3.5293657779693604,1.296699047088623,209.61000061035156
1985-12-30,,,3.617598295211792,1.3242052793502808,210.8800048828125
1986-01-06,,,3.5391688346862793,1.3556398153305054,205.9600067138672
1986-01-13,,,3.6372060775756836,1.2770525217056274,208.42999267578125
1986-01-20,,,3.333289384841919,1.3202755451202393,206.42999267578125
1986-01-27,,,3.470541477203369,1.3752872943878174,211.77999877929688
1986-02-03,,,3.333289384841919,1.414581060409546,214.55999755859375
1986-02-10,,,3.5097556114196777,1.4185107946395874,219.75999450683594
1986-02-17,,,3.4803459644317627,1.4617329835891724,224.6199951171875
1986-02-24,,,3.7646560668945312,1.591403841972351,226.9199981689453
1986-03-03,,,3.88230037689209,1.563897967338562,225.57000732421875
1986-03-10,,,4.152512073516846,1.55996835231781,236.5500030517578
1986-03-17,,,4.172379493713379,1.5403212308883667,233.33999633789062
1986-03-24,,,4.390934944152832,1.5010281801223755,238.97000122070312
1986-03-31,,,4.0333027839660645,1.55996835231781,228.69000244140625
1986-04-07,,,4.281657695770264,1.6149797439575195,235.97000122070312
1986-04-14,,,4.291592121124268,1.6306976079940796,242.3800048828125
1986-04-21,,,4.3611321449279785,1.7289317846298218,242.2899932861328
1986-04-28,,,4.182312965393066,1.6817790269851685,234.7899932861328
1986-05-05,,,4.04323673248291,1.6189079284667969,237.85000610351562
1986-05-12,,,3.953826665878296,1.4774510860443115,232.75999450683594
1986-05-19,,,4.152512073516846,1.55996835231781,241.35000610351562
1986-05-26,,,4.241919040679932,1.6228398084640503,247.35000610351562
1986-06-02,,,4.172379493713379,1.6660629510879517,245.6699981689453
1986-06-09,,,4.114041805267334,1.6582036018371582,245.72999572753906
1986-06-16,,,4.04362678527832,1.7485803365707397,247.5800018310547
1986-06-23,,,4.164333820343018,1.7996611595153809,249.60000610351562
1986-06-30,,,4.174393177032471,1.7564374208450317,251.7899932861328
1986-07-07,,,3.932982921600342,1.7485803365707397,242.22000122070312
1986-07-14,,,3.661395311355591,1.7446495294570923,236.36000061035156
1986-07-21,,,3.681514024734497,1.713214635848999,240.22000122070312
1986-07-28,,,3.5306296348571777,1.5678271055221558,234.91000366210938
1986-08-04,,,3.7217483520507812,1.5717567205429077,236.8800048828125
1986-08-11,,,3.8223378658294678,1.634626865386963,247.14999389648438
1986-08-18,,,3.892746925354004,1.6110512018203735,250.19000244140625
1986-08-25,,,3.9229254722595215,1.634626865386963,252.92999267578125
1986-09-01,,,3.8223378658294678,1.5403212308883667,250.47000122070312
1986-09-08,,,3.4891371726989746,1.296699047088623,230.6699981689453
1986-09-15,,,3.540151357650757,1.3910046815872192,232.2100067138672
1986-09-22,,,3.652372360229492,1.4224393367767334,232.22999572753906
1986-09-29,,,3.5299453735351562,1.3359929323196411,233.7100067138672
1986-10-06,,,3.560554027557373,1.343852162361145,235.47999572753906
1986-10-13,,,3.611565589904785,1.4460160732269287,238.83999633789062
1986-10-20,,,3.540151357650757,1.4538745880126953,238.25999450683594
1986-10-27,,,3.58095645904541,1.6031922101974487,243.97999572753906
1986-11-03,,,3.6217660903930664,1.7525087594985962,245.77000427246094
1986-11-10,,,3.560554027557373,1.705355167388916,244.5
1986-11-17,,,3.6421713829040527,1.6974964141845703,245.86000061035156
1986-11-24,,,3.631967782974243,1.6503432989120483,249.22000122070312
1986-12-01,,,3.7543928623199463,1.626767635345459,251.1699981689453
1986-12-08,,,3.673112630844116,1.5560382604599,247.35000610351562
1986-12-15,,,3.673112630844116,1.508886456489563,249.72999572753906
1986-12-22,,,3.600682020187378,1.4853099584579468,246.9199981689453
1986-12-29,,,3.548949956893921,1.5717567205429077,246.4499969482422
1987-01-05,,,3.78692626953125,1.6896381378173828,258.7300109863281
1987-01-12,,,3.8593525886535645,1.6817790269851685,266.2799987792969
1987-01-19,,,3.9524753093719482,1.9489784240722656,270.1000061035156
1987-01-26,,,3.8800456523895264,1.9254010915756226,274.0799865722656
1987-02-02,,,4.004206657409668,1.9332611560821533,280.0400085449219
1987-02-09,,,3.962820529937744,1.8939669132232666,279.70001220703125
1987-02-16,,,4.066288948059082,1.9411202669143677,285.4800109863281
1987-02-23,,,3.8490066528320312,1.9725549221038818,284.20001220703125
1987-03-02,,,3.9214346408843994,1.996130347251892,290.6600036621094
1987-03-09,,,3.758094549179077,2.003990411758423,289.8900146484375
1987-03-16,,,3.726599931716919,2.184741735458374,298.1700134277344
1987-03-23,,,3.7790868282318115,2.1768836975097656,296.1300048828125
1987-03-30,,,3.8105814456939697,2.1140122413635254,300.4100036621094
1987-04-06,,,3.6951100826263428,1.9646952152252197,292.489990234375
1987-04-13,,,3.464163064956665,1.8546738624572754,286.9100036621094
1987-04-20,,,3.464163064956665,1.7760860919952393,281.5199890136719
1987-04-27,,,3.590132236480713,1.760367512702942,288.0299987792969
1987-05-04,,,3.737098455429077,1.8782490491867065,293.3699951171875
1987-05-11,,,3.558640718460083,1.8703911304473877,287.42999267578125
1987-05-18,,,3.5061533451080322,1.7839431762695312,282.1600036621094
1987-05-25,,,3.527149200439453,1.8389546871185303,290.1000061035156
1987-06-01,,,3.6951100826263428,1.8389546871185303,293.45001220703125
1987-06-08,,,3.8583884239196777,1.9646952152252197,301.6199951171875
1987-06-15,,,3.9649741649627686,1.9332611560821533,306.9700012207031
1987-06-22,,,3.7304868698120117,1.9646952152252197,307.1600036621094
1987-06-29,,,3.634561538696289,1.9018245935440063,305.6300048828125
1987-07-06,,,3.6025843620300293,1.8075196743011475,308.3699951171875
1987-07-13,,,3.538630247116089,1.8939669132232666,314.5899963378906
1987-07-20,,,3.4640212059020996,1.823237657546997,309.2699890136719
1987-07-27,,,3.3894121646881104,1.8075196743011475,318.6600036621094
1987-08-03,,,3.3894121646881104,1.7760860919952393,323.0
1987-08-10,,,3.7624614238739014,2.1140122413635254,333.989990234375
1987-08-17,,,3.5706088542938232,2.208317518234253,335.8999938964844
1987-08-24,,,3.421386241912842,2.051143169403076,327.0400085449219
1987-08-31,,,3.3148036003112793,2.0432827472686768,316.70001220703125
1987-09-07,,,3.3300461769104004,1.9725549221038818,321.9800109863281
1987-09-14,,,3.275810480117798,1.9804129600524902,314.8599853515625
1987-09-21,,,3.210728883743286,1.9202793836593628,320.1600036621094
1987-09-28,,,3.3191983699798584,1.8730597496032715,328.07000732421875
1987-10-05,,,3.156491994857788,1.7864899635314941,311.07000732421875
1987-10-12,,,3.0914111137390137,1.6684402227401733,282.70001220703125
1987-10-19,,,2.386352300643921,1.3851195573806763,248.22000122070312
1987-10-26,,,2.342963933944702,1.3929898738861084,251.7899932861328
1987-11-02,,,2.4731290340423584,1.4008592367172241,250.41000366210938
1987-11-09,,,2.4731290340423584,1.322160005569458,245.63999938964844
1987-11-16,,,2.418894052505493,1.2985498905181885,242.0
1987-11-23,,,2.3104217052459717,1.219849705696106,240.33999633789062
1987-11-30,,,2.10432767868042,1.086059808731079,223.9199981689453
1987-12-07,,,2.1427195072174072,1.117539405822754,235.32000732421875
1987-12-14,,,2.0534393787384033,1.2670692205429077,249.16000366210938
1987-12-21,,,2.0534393787384033,1.2513302564620972,252.02999877929688
1987-12-28,,,1.9083584547042847,1.2668484449386597,247.0800018310547
1988-01-04,,,1.8190786838531494,1.3776981830596924,243.39999389648438
1988-01-11,,,1.841399073600769,1.4489582777023315,252.0500030517578
1988-01-18,,,1.7967599630355835,1.3856154680252075,246.5
1988-01-25,,,1.9195200204849243,1.4489582777023315,257.07000732421875
1988-02-01,,,1.9976385831832886,1.559807300567627,250.9600067138672
1988-02-08,,,2.0311198234558105,1.5439716577529907,257.6300048828125
1988-02-15,,,2.075759172439575,1.567724347114563,261.6099853515625
1988-02-22,,,2.176199436187744,1.6073143482208252,262.4599914550781
1988-02-29,,,2.1873605251312256,1.5835609436035156,267.29998779296875
1988-03-07,,,2.2020211219787598,1.6152327060699463,264.94000244140625
1988-03-14,,,2.1790833473205566,1.5914790630340576,271.1199951171875
1988-03-21,,,2.0643956661224365,1.5119024515151978,258.510009765625
1988-03-28,,,1.9611741304397583,1.5039451122283936,258.8900146484375
1988-04-04,,,2.14467716217041,1.4641586542129517,269.42999267578125
1988-04-11,,,2.1217401027679443,1.5039451122283936,259.7699890136719
1988-04-18,,,2.156146287918091,1.4402859210968018,260.1400146484375
1988-04-25,,,2.2593653202056885,1.4004995822906494,261.3299865722656
1988-05-02,,,2.247897148132324,1.3527545928955078,257.4800109863281
1988-05-09,,,2.374053716659546,1.3766286373138428,256.7799987792969
1988-05-16,,,2.4428672790527344,1.2970530986785889,253.02000427246094
1988-05-23,,,2.569023847579956,1.3527545928955078,253.4199981689453
1988-05-30,,,2.798403024673462,1.4562010765075684,266.45001220703125
1988-06-06,,,2.8249804973602295,1.4880313873291016,271.260009765625
1988-06-13,,,2.766369104385376,1.4562010765075684,270.67999267578125
1988-06-20,,,2.895310401916504,1.5437328815460205,273.7799987792969
1988-06-27,,,2.73120379447937,1.5520535707473755,271.7799987792969
1988-07-04,,,2.789811134338379,1.5520535707473755,270.0199890136719
1988-07-11,,,2.871868848800659,1.4880505800247192,272.04998779296875
1988-07-18,,,2.766369104385376,1.4960510730743408,263.5
1988-07-25,,,2.9421980381011963,1.6800568103790283,272.0199890136719
1988-08-01,,,3.118025541305542,1.592054009437561,271.1499938964844
1988-08-08,,,3.0008063316345215,1.6000548601150513,262.54998779296875
1988-08-15,,,3.0242528915405273,1.6000548601150513,260.239990234375
1988-08-22,,,2.9773638248443604,1.5760537385940552,259.67999267578125
1988-08-29,,,3.0711398124694824,1.6000548601150513,264.4800109863281
1988-09-05,,,3.0290186405181885,1.6000548601150513,266.8399963378906
1988-09-12,,,3.064934730529785,1.6000548601150513,270.6499938964844
1988-09-19,,,3.0769081115722656,1.640055537223816,269.760009765625
1988-09-26,,,3.064934730529785,1.712705373764038,271.9100036621094
1988-10-03,,,3.0290186405181885,1.7529088258743286,278.07000732421875
1988-10-10,,,2.9931013584136963,1.6885831356048584,275.5
1988-10-17,,,3.0769081115722656,1.7448686361312866,283.6600036621094
1988-10-24,,,3.064934730529785,1.6242555379867554,278.5299987792969
1988-10-31,,,3.1008524894714355,1.680540680885315,276.30999755859375
1988-11-07,,,3.148742914199829,1.592090129852295,267.9200134277344
1988-11-14,,,3.1367709636688232,1.6081733703613281,266.4700012207031
1988-11-21,,,3.1247994899749756,1.6162147521972656,267.2300109863281
1988-11-28,,,3.2445225715637207,1.6001328229904175,271.80999755859375
1988-12-05,,,3.2144815921783447,1.592090129852295,277.0299987792969
1988-12-12,,,2.994480848312378,1.6001328229904175,276.2900085449219
1988-12-19,,,3.01892352104187,1.6081733703613281,277.8699951171875
1988-12-26,,,3.0311477184295654,1.7142635583877563,277.7200012207031
1989-01-02,,,3.0311477184295654,1.7466081380844116,280.6700134277344
1989-01-09,,,3.1289260387420654,1.6980923414230347,283.8699951171875
1989-01-16,,,3.08003568649292,1.6657464504241943,286.6300048828125
1989-01-23,,,3.2389261722564697,1.7385225296020508,293.82000732421875
1989-01-30,,,3.2022604942321777,1.8759872913360596,296.9700012207031
1989-02-06,,,3.1289260387420654,1.8032119274139404,292.0199890136719
1989-02-13,,,3.1655924320220947,1.843642234802246,296.760009765625
1989-02-20,,,2.994480848312378,1.795125126838684,287.1300048828125
1989-02-27,,,3.006702184677124,1.7466081380844116,291.17999267578125
1989-03-06,,,3.061088800430298,1.8112977743148804,292.8800048828125
1989-03-13,,,3.385941743850708,1.7870383262634277,292.69000244140625
1989-03-20,,,3.2609975337982178,1.754694938659668,288.9800109863281
1989-03-27,,,3.61083722114563,1.8286932706832886,294.8699951171875
1989-04-03,,,3.435917854309082,1.8937135934829712,297.1600036621094
1989-04-10,,,3.4858930110931396,1.9343528747558594,301.3599853515625
1989-04-17,,,3.585848808288574,2.023754119873047,309.6099853515625
1989-04-24,,,3.598341941833496,1.9749882221221924,309.6400146484375
1989-05-01,,,3.4484128952026367,1.9343528747558594,307.6099853515625
1989-05-08,,,3.398435115814209,1.9912431240081787,313.8399963378906
1989-05-15,,,3.5608608722686768,2.040009021759033,321.239990234375
1989-05-22,,,3.4983878135681152,2.121283769607544,321.5899963378906
1989-05-29,,,3.6858017444610596,2.1619231700897217,325.5199890136719
1989-06-05,,,3.67867374420166,2.2188148498535156,326.69000244140625
1989-06-12,,,3.5641121864318848,2.1700494289398193,321.3500061035156
1989-06-19,,,3.7041285037994385,2.0643908977508545,328.0
1989-06-26,,,3.6532163619995117,2.0006587505340576,317.9800109863281
1989-07-03,,,3.7168612480163574,2.065985679626465,324.9100036621094
1989-07-10,,,3.844149589538574,2.114982843399048,331.8399963378906
1989-07-17,,,3.7677762508392334,2.1394786834716797,335.8999938964844
1989-07-24,,,3.882338285446167,2.237471580505371,342.1499938964844
1989-07-31,,,3.882338285446167,2.3109657764434814,343.9200134277344
1989-08-07,,,3.9332523345947266,2.400789499282837,344.739990234375
1989-08-14,,,3.844149589538574,2.368126392364502,346.0299987792969
1989-08-21,,,3.805964946746826,2.3762927055358887,350.5199890136719
1989-08-28,,,3.895066261291504,2.4089558124542236,353.7300109863281
1989-09-04,,,3.8314208984375,2.343628168106079,348.760009765625
1989-09-11,,,3.772305727005005,2.343628168106079,345.05999755859375
1989-09-18,,,4.0445380210876465,2.343628168106079,347.04998779296875
1989-09-25,,,4.238989353179932,2.5012588500976562,349.1499938964844
1989-10-02,,,4.238989353179932,2.607870578765869,358.7799987792969
1989-10-09,,,3.6815645694732666,2.525862455368042,333.6499938964844
1989-10-16,,,3.7074944972991943,2.5668675899505615,347.1600036621094
1989-10-23,,,3.4871177673339844,2.4602556228637695,335.05999755859375
1989-10-30,,,3.422299861907959,2.4438552856445312,337.6199951171875
1989-11-06,,,3.3704471588134766,2.4848577976226807,339.1000061035156
1989-11-13,,,3.3963749408721924,2.5340635776519775,341.6099853515625
1989-11-20,,,3.3574841022491455,2.50946044921875,343.9700012207031
1989-11-27,,,3.3185946941375732,2.476656675338745,350.6300048828125
1989-12-04,,,3.3704471588134766,2.4930577278137207,348.69000244140625
1989-12-11,,,3.310072422027588,2.419250965118408,350.1400146484375
1989-12-18,,,3.1379473209381104,2.525862455368042,347.4200134277344
1989-12-25,,,3.1644299030303955,2.5858144760131836,353.3999938964844
1990-01-01,,,3.310072422027588,2.6187548637390137,352.20001220703125
1990-01-08,,,3.124708414077759,2.6352250576019287,339.92999267578125
1990-01-15,,,3.058506727218628,2.552873373031616,339.1499938964844
1990-01-22,,,2.8069419860839844,2.3717010021209717,325.79998779296875
1990-01-29,,,2.7672195434570312,2.363466262817383,330.9200134277344
1990-02-05,,,2.7407407760620117,2.5034635066986084,333.6199951171875
1990-02-12,,,2.873143196105957,2.445817708969116,332.7200012207031
1990-02-19,,,2.701019287109375,2.3140556812286377,324.1499938964844
1990-02-26,,,2.7539806365966797,2.412876844406128,335.5400085449219
1990-03-05,,,2.850956678390503,2.412876844406128,337.92999267578125
1990-03-12,,,2.783076286315918,2.4869933128356934,341.9100036621094
1990-03-19,,,2.728771924972534,2.5034635066986084,337.2200012207031
1990-03-26,,,2.538710117340088,2.489204168319702,339.94000244140625
1990-04-02,,,2.484405755996704,2.398236036300659,340.0799865722656
1990-04-09,,,2.660893440246582,2.398236036300659,344.3399963378906
1990-04-16,,,2.5251340866088867,2.406505823135376,335.1199951171875
1990-04-23,,,2.5658609867095947,2.373426675796509,329.1099853515625
1990-04-30,,,2.70162034034729,2.3816964626312256,338.3900146484375
1990-05-07,,,2.7966532707214355,2.5884408950805664,352.0
1990-05-14,,,2.905261516571045,2.5553624629974365,354.6400146484375
1990-05-21,,,2.9459900856018066,2.613250732421875,354.5799865722656
1990-05-28,,,3.041020393371582,2.6463308334350586,363.1600036621094
1990-06-04,,,3.081747531890869,2.7951838970184326,358.7099914550781
1990-06-11,,,2.920956611633301,2.7621054649353027,362.9100036621094
1990-06-18,,,2.7957730293273926,2.737297773361206,355.42999267578125
1990-06-25,,,2.8375017642974854,2.698835611343384,358.0199890136719
1990-07-02,,,2.8375017642974854,2.698835611343384,358.4200134277344
1990-07-09,,,2.74013614654541,2.815092086791992,367.30999755859375
1990-07-16,,,2.69840931892395,2.698835611343384,361.6099853515625
1990-07-23,,,2.6149520874023438,2.5244481563568115,353.44000244140625
1990-07-30,,,2.2950379848480225,2.3666703701019287,344.8599853515625
1990-08-06,,,2.628861427307129,2.300239086151123,335.5199890136719
1990-08-13,,,2.5732247829437256,2.2421085834503174,327.8299865722656
1990-08-20,,,2.378493309020996,2.1175477504730225,311.510009765625
1990-08-27,,,2.406311511993408,2.134154796600342,322.55999755859375
1990-09-03,,,2.545405864715576,2.026203155517578,323.3999938964844
1990-09-10,,,2.322345733642578,1.8102946281433105,316.8299865722656
1990-09-17,,,1.949625015258789,1.9099446535110474,311.32000732421875
1990-09-24,,,1.777598261833191,1.904310703277588,306.04998779296875
1990-10-01,,,1.8062688112258911,1.9126625061035156,311.5
1990-10-08,,,1.4478815793991089,1.8207871913909912,300.0299987792969
1990-10-15,,,1.4622173309326172,1.9293673038482666,312.4800109863281
1990-10-22,,,1.2901921272277832,1.6704477071762085,304.7099914550781
1990-10-29,,,1.3331990242004395,1.7539702653884888,311.8500061035156
1990-11-05,,,1.275856375694275,1.8124363422393799,313.739990234375
1990-11-12,,,1.4048758745193481,2.2718100547790527,317.1199951171875
1990-11-19,,,1.3045282363891602,2.1381723880767822,315.1000061035156
1990-11-26,,,1.3045282363891602,2.204991579055786,322.2200012207031
1990-12-03,,,1.5195611715316772,2.1632299423217773,327.75
1990-12-10,,,1.3880585432052612,2.204991579055786,326.82000732421875
1990-12-17,,,1.3296157121658325,2.355330467224121,331.75
1990-12-24,,,1.2711703777313232,2.325530767440796,328.7200012207031
1990-12-31,,,1.3296157121658325,2.325530767440796,321.0
1991-01-07,,,1.2857805490493774,2.1240413188934326,315.2300109863281
1991-01-14,,,1.3003923892974854,2.375901937484741,332.2300109863281
1991-01-21,,,1.5487829446792603,2.417879343032837,336.07000732421875
1991-01-28,,,1.5926153659820557,2.417879343032837,343.04998779296875
1991-02-04,,,1.8556166887283325,2.7285099029541016,359.3500061035156
1991-02-11,,,2.0309500694274902,2.711719274520874,369.05999755859375
1991-02-18,,,1.9286706447601318,2.7788822650909424,365.6499938964844
1991-02-25,,,2.0163395404815674,2.7285099029541016,370.4700012207031
1991-03-04,,,2.0747833251953125,2.9216055870056152,374.95001220703125
1991-03-11,,,2.0451443195343018,3.156676769256592,373.5899963378906
1991-03-18,,,1.8228449821472168,3.148280620574951,367.4800109863281
1991-03-25,,,2.0599629878997803,3.067713737487793,375.2200012207031
1991-04-01,,,2.267441749572754,2.983433485031128,375.3599853515625
1991-04-08,,,2.2229812145233154,3.185699701309204,380.3999938964844
1991-04-15,,,2.5045599937438965,3.2615480422973633,384.20001220703125
1991-04-22,,,2.4601006507873535,3.135133743286133,379.0199890136719
1991-04-29,,,2.35636043548584,3.253122568130493,380.79998779296875
1991-05-06,,,2.2970807552337646,3.1604163646698,375.739990234375
1991-05-13,,,2.2081620693206787,3.0002872943878174,372.3900146484375
1991-05-20,,,2.4452805519104004,2.8148767948150635,377.489990234375
1991-05-27,,,2.534198045730591,3.1688432693481445,389.8299865722656
1991-06-03,,,2.8750557899475098,3.33739972114563,379.42999267578125
1991-06-10,,,2.7852113246917725,3.328969955444336,382.2900085449219
1991-06-17,,,2.650444507598877,3.253122568130493,377.75
1991-06-24,,,2.5605978965759277,3.0291647911071777,371.1600036621094
1991-07-01,,,2.5007002353668213,3.0291647911071777,374.0799865722656
1991-07-08,,,2.8451087474823,3.139164686203003,380.25
1991-07-15,,,3.0846948623657227,3.384542942047119,384.2200012207031
1991-07-22,,,3.0697214603424072,3.2914695739746094,380.92999267578125
1991-07-29,,,3.0547473430633545,3.3422365188598633,387.17999267578125
1991-08-05,,,3.2194643020629883,3.350698232650757,387.1199951171875
1991-08-12,,,3.294334888458252,3.494542121887207,385.5799865722656
1991-08-19,,,3.2194643020629883,3.5876169204711914,394.1700134277344
1991-08-26,,,3.1745412349700928,3.7737672328948975,395.42999267578125
1991-09-02,,,3.1745412349700928,3.5706937313079834,389.1000061035156
1991-09-09,,,3.0687239170074463,3.528385877609253,383.5899963378906
1991-09-16,,,3.0687239170074463,3.655306816101074,387.9200134277344
1991-09-23,,,3.0687239170074463,3.719099283218384,385.8999938964844
1991-09-30,,,2.8722057342529297,3.7021164894104004,381.25
1991-10-07,,,2.902437448501587,3.6002254486083984,381.45001220703125
1991-10-14,,,3.0384905338287354,3.8804330825805664,392.5
1991-10-21,,,2.902437448501587,3.8040125370025635,384.20001220703125
1991-10-28,,,2.993138074874878,4.024779796600342,391.32000732421875
1991-11-04,,,3.023374557495117,4.084219932556152,392.8900146484375
1991-11-11,,,2.8873205184936523,3.8379759788513184,382.6199951171875
1991-11-18,,,2.7059199810028076,3.8379759788513184,376.1400146484375
1991-11-25,,,2.5547494888305664,4.024779796600342,375.2200012207031
1991-12-02,,,2.433814764022827,4.024779796600342,379.1000061035156
1991-12-09,,,2.495042085647583,4.160638809204102,384.4700012207031
1991-12-16,,,2.479736804962158,4.101199626922607,387.0400085449219
1991-12-23,,,2.777290105819702,4.209211349487305,406.4599914550781
1991-12-30,,,2.9307305812835693,4.379627227783203,419.3399963378906
1992-01-06,,,3.314335823059082,4.328502655029297,415.1000061035156
1992-01-13,,,3.5138087272644043,4.277378559112549,418.8599853515625
1992-01-20,,,3.4677748680114746,4.115484237670898,415.4800109863281
1992-01-27,,,3.4370882511138916,4.115484237670898,408.7799987792969
1992-02-03,,,3.77465558052063,4.413705348968506,411.0899963378906
1992-02-10,,,3.9741334915161133,4.473352909088135,412.4800109863281
1992-02-17,,,4.11223030090332,4.354063034057617,411.42999267578125
1992-02-24,,,4.127574443817139,4.36258602142334,412.70001220703125
1992-03-02,,,3.820690870285034,4.2432942390441895,404.44000244140625
1992-03-09,,,3.9434447288513184,4.2432942390441895,405.8399963378906
1992-03-16,,,4.342391490936279,4.175130844116211,411.29998779296875
1992-03-23,,,4.250328540802002,4.308780670166016,403.5
1992-03-30,,,3.8398616313934326,4.3429789543151855,401.54998779296875
1992-04-06,,,3.932762861251831,4.39427375793457,404.2900085449219
1992-04-13,,,4.242429256439209,4.5994553565979,416.0400085449219
1992-04-20,,,4.428228855133057,4.582355976104736,409.0199890136719
1992-04-27,,,4.428228855133057,4.719141960144043,412.5299987792969
1992-05-04,,,4.629509925842285,4.736241340637207,416.04998779296875
1992-05-11,,,4.64499568939209,4.616551399230957,410.0899963378906
1992-05-18,,,4.614026069641113,4.8217315673828125,414.0199890136719
1992-05-25,,,4.5211310386657715,5.078207492828369,415.3500061035156
1992-06-01,,,4.691445827484131,5.0611066818237305,413.4800109863281
1992-06-08,,,4.64499568939209,4.873028755187988,409.760009765625
1992-06-15,,,4.428228855133057,4.941418647766113,403.6700134277344
1992-06-22,,,4.598546981811523,4.871295928955078,403.45001220703125
1992-06-29,,,4.854536056518555,5.008512496948242,411.7699890136719
1992-07-06,,,4.854536056518555,5.180039882659912,414.6199951171875
1992-07-13,,,4.47991418838501,4.8026838302612305,415.6199951171875
1992-07-20,,,4.261380672454834,4.75122594833374,411.6000061035156
1992-07-27,,,4.355035781860352,5.008512496948242,424.2099914550781
1992-08-03,,,4.167723655700684,5.025666236877441,418.8800048828125
1992-08-10,,,4.323819637298584,5.180039882659912,419.9100036621094
1992-08-17,,,4.152116298675537,5.008512496948242,414.8500061035156
1992-08-24,,,4.105283737182617,4.957051753997803,414.8399963378906
1992-08-31,,,4.152116298675537,5.128579139709473,417.0799865722656
1992-09-07,,,3.8399221897125244,5.1971893310546875,419.5799865722656
1992-09-14,,,3.8711442947387695,5.300105571746826,422.92999267578125
1992-09-21,,,3.9179742336273193,5.194977283477783,414.3500061035156
1992-09-28,,,4.033689022064209,5.040159225463867,410.4700012207031
1992-10-05,,,3.907634735107422,4.98855447769165,402.6600036621094
1992-10-12,,,3.954907178878784,4.936950206756592,411.7300109863281
1992-10-19,,,4.30155086517334,5.022956848144531,414.1000061035156
1992-10-26,,,4.333066940307617,4.98855447769165,418.67999267578125
1992-11-02,,,4.443360328674316,5.298189640045166,417.5799865722656
1992-11-09,,,4.616683006286621,5.453007221221924,422.42999267578125
1992-11-16,,,4.490633487701416,5.47020959854126,426.6499938964844
1992-11-23,,,4.742733955383301,5.848648548126221,430.1600036621094
1992-11-30,,,4.711220741271973,5.814243793487549,432.05999755859375
1992-12-07,,,4.553658962249756,5.797043323516846,433.7300109863281
1992-12-14,,,4.648196220397949,5.676629543304443,441.2799987792969
1992-12-21,,,4.853033542633057,6.106677055358887,439.7699890136719
1992-12-28,,,4.9067769050598145,6.036994934082031,435.7099914550781
1993-01-04,,,4.811499118804932,5.7265191078186035,429.04998779296875
1993-01-11,,,5.1449689865112305,6.002499580383301,437.1499938964844
1993-01-18,,,5.065571308135986,5.950752258300781,436.1099853515625
1993-01-25,,,5.160849094390869,6.140478610992432,438.7799987792969
1993-02-01,,,5.446680068969727,6.761429309844971,448.92999267578125
1993-02-08,,,5.319643020629883,6.39921236038208,444.5799865722656
1993-02-15,,,5.224364757537842,6.330221176147461,434.2200012207031
1993-02-22,,,5.1449689865112305,6.519955635070801,443.3800048828125
1993-03-01,,,5.192605972290039,6.468207359313965,446.1099853515625
1993-03-08,,,5.430800437927246,6.433710098266602,449.8299865722656
1993-03-15,,,5.224364757537842,6.243974685668945,450.17999267578125
1993-03-22,,,5.160849094390869,6.347005367279053,447.7799987792969
1993-03-29,,,4.978855609893799,6.225948333740234,441.3900146484375
1993-04-05,,,5.154955863952637,6.053000450134277,441.8399963378906
1993-04-12,,,5.299037456512451,4.738635540008545,448.94000244140625
1993-04-19,,,4.850783348083496,4.479220390319824,437.0299987792969
1993-04-26,,,4.898807525634766,4.876991271972656,440.19000244140625
1993-05-03,,,4.818765163421631,4.634870529174805,442.30999755859375
1993-05-10,,,4.690694332122803,4.49651575088501,439.55999755859375
1993-05-17,,,4.674682140350342,4.427338123321533,445.8399963378906
1993-05-24,,,4.914818286895752,4.27169132232666,450.19000244140625
1993-05-31,,,4.754727363586426,4.150628566741943,450.05999755859375
1993-06-07,,,4.930827617645264,4.46192741394043,447.260009765625
1993-06-14,,,4.978855609893799,4.513808250427246,443.67999267578125
1993-06-21,,,5.2350006103515625,4.497347831726074,447.6000061035156
1993-06-28,,,5.147495269775391,4.601535320281982,445.8399963378906
1993-07-05,,,5.212038993835449,4.566807746887207,448.1099853515625
1993-07-12,,,5.147495269775391,4.42789363861084,445.75
1993-07-19,,,5.1959028244018555,4.584173202514648,447.1000061035156
1993-07-26,,,5.324994087219238,4.809908390045166,448.1300048828125
1993-08-02,,,5.421808242797852,4.705722808837891,448.67999267578125
1993-08-09,,,5.357264518737793,4.670994281768799,450.1400146484375
1993-08-16,,,5.082947254180908,4.636265754699707,456.1600036621094
1993-08-23,,,5.244309425354004,4.740448951721191,460.5400085449219
1993-08-30,,,5.228172779083252,4.948822021484375,461.3399963378906
1993-09-06,,,5.679993152618408,4.896730899810791,461.7200012207031
1993-09-13,,,5.599311828613281,4.757815361022949,458.8299865722656
1993-09-20,,,5.712267875671387,4.775179386138916,457.6300048828125
1993-09-27,,,5.868373394012451,5.176772117614746,461.2799987792969
1993-10-04,,,5.83586311340332,5.054758071899414,460.30999755859375
1993-10-11,,,5.657045364379883,5.298781394958496,469.5
1993-10-18,,,5.429469108581543,5.403364181518555,463.2699890136719
1993-10-25,,,5.218140125274658,5.368505001068115,467.8299865722656
1993-11-01,,,5.055582046508789,5.054758071899414,459.57000732421875
1993-11-08,,,5.006816864013672,5.089620113372803,465.3900146484375
1993-11-15,,,4.79548454284668,5.037327766418457,462.6000061035156
1993-11-22,,,4.876767635345459,5.211629867553711,463.05999755859375
1993-11-29,,,5.1368608474731445,5.5079450607299805,464.8900146484375
1993-12-06,,,5.1368608474731445,5.368505001068115,463.92999267578125
1993-12-13,,,5.1531195640563965,5.298781394958496,466.3800048828125
1993-12-20,,,5.283161640167236,5.263922214508057,467.3800048828125
1993-12-27,,,5.267410755157471,5.248589992523193,466.45001220703125
1994-01-03,,,5.3330464363098145,5.038649559020996,469.8999938964844
1994-01-10,,,5.447915554046631,5.091132164001465,474.9100036621094
1994-01-17,,,4.939223766326904,5.126122951507568,474.7200012207031
1994-01-24,,,5.136136054992676,5.266084671020508,478.70001220703125
1994-01-31,,,4.857174873352051,5.2136006355285645,469.80999755859375
1994-02-07,,,4.80794620513916,5.248589992523193,470.17999267578125
1994-02-14,,,4.791539669036865,5.2310943603515625,467.69000244140625
1994-02-21,,,4.972041130065918,5.266084671020508,466.07000732421875
1994-02-28,,,4.775129795074463,5.073637008666992,464.739990234375
1994-03-07,,,4.775129795074463,5.248589992523193,466.44000244140625
1994-03-14,,,5.037677764892578,5.388556480407715,471.05999755859375
1994-03-21,,,4.8899946212768555,5.180325508117676,460.5799865722656
1994-03-28,,,4.825192928314209,5.057406425476074,445.7699890136719
1994-04-04,,,4.991008281707764,4.881800174713135,447.1000061035156
1994-04-11,,,5.057331562042236,4.864238739013672,446.17999267578125
1994-04-18,,,4.77544641494751,5.4437336921691895,447.6300048828125
1994-04-25,,,4.609633922576904,5.391052722930908,450.9100036621094
1994-05-02,,,4.593051433563232,5.478856086730957,447.82000732421875
1994-05-09,,,4.576470375061035,5.6193342208862305,444.1400146484375
1994-05-16,,,4.792027950286865,5.830060958862305,454.9200134277344
1994-05-23,,,5.040751934051514,5.6720194816589355,457.3299865722656
1994-05-30,,,5.289473533630371,6.040786266326904,460.1300048828125
1994-06-06,,,5.306051731109619,6.023226737976074,458.6700134277344
1994-06-13,,,5.289473533630371,5.812501430511475,458.45001220703125
1994-06-20,,,5.090498447418213,5.540316581726074,442.79998779296875
1994-06-27,,,5.207564353942871,5.482142925262451,446.20001220703125
1994-07-04,,,5.123838424682617,5.711300373077393,449.54998779296875
1994-07-11,,,5.174069881439209,5.517399311065674,454.1600036621094
1994-07-18,,,5.073607444763184,5.358750820159912,453.1099853515625
1994-07-25,,,5.140582084655762,5.411633491516113,458.260009765625
1994-08-01,,,5.073607444763184,5.631975173950195,457.0899963378906
1994-08-08,,,5.140582084655762,5.623164176940918,461.94000244140625
1994-08-15,,,5.190814971923828,5.605535507202148,463.67999267578125
1994-08-22,,,5.308028697967529,5.605535507202148,473.79998779296875
1994-08-29,,,5.140582084655762,5.623164176940918,470.989990234375
1994-09-05,,,4.9898834228515625,5.631975173950195,468.17999267578125
1994-09-12,,,4.956392765045166,5.482142925262451,471.19000244140625
1994-09-19,,,4.839180946350098,5.164848327636719,459.6700134277344
1994-09-26,,,4.747318744659424,5.168610572814941,462.7099914550781
1994-10-03,,,4.764275074005127,5.097808361053467,455.1000061035156
1994-10-10,,,5.0694580078125,5.186309337615967,469.1000061035156
1994-10-17,,,4.9338202476501465,4.522531986236572,464.8900146484375
1994-10-24,,,5.0694580078125,4.761494159698486,473.7699890136719
1994-10-31,,,4.9338202476501465,4.5844855308532715,462.2799987792969
1994-11-07,,,4.866002082824707,4.5844855308532715,462.3500061035156
1994-11-14,,,4.798182964324951,4.407478332519531,461.4700012207031
1994-11-21,,,4.8829569816589355,4.5844855308532715,452.2900085449219
1994-11-28,,,5.0694580078125,4.283574104309082,453.29998779296875
1994-12-05,,,5.0185933113098145,4.035762310028076,446.9599914550781
1994-12-12,,,5.035549640655518,4.053464412689209,458.79998779296875
1994-12-19,,,4.9677324295043945,4.1825480461120605,459.8299865722656
1994-12-26,,,4.925379753112793,4.075761795043945,459.2699890136719
1995-01-02,,,5.131314277648926,4.093557834625244,460.67999267578125
1995-01-09,,,5.268610000610352,4.271539211273193,465.9700012207031
1995-01-16,,,5.028346538543701,4.431722640991211,464.7799987792969
1995-01-23,,,5.320090293884277,4.68089485168457,470.3900146484375
1995-01-30,,,5.440223217010498,4.716492176055908,478.6499938964844
1995-02-06,,,5.474549293518066,4.449517250061035,481.4599914550781
1995-02-13,,,5.474549293518066,4.574104309082031,481.9700012207031
1995-02-20,,,5.474549293518066,4.7520856857299805,488.1099853515625
1995-02-27,,,5.440223217010498,4.34273099899292,485.4200134277344
1995-03-06,,,5.354417324066162,4.449517250061035,489.57000732421875
1995-03-13,,,5.40590238571167,4.520711421966553,495.5199890136719
1995-03-20,,,5.302931308746338,4.485114574432373,500.9700012207031
1995-03-27,,,5.242716312408447,4.561679840087891,500.7099914550781
1995-04-03,,,5.641998291015625,4.472232818603516,506.4200134277344
1995-04-10,,,5.572554588317871,4.4185686111450195,509.2300109863281
1995-04-17,,,5.694076061248779,4.597456932067871,508.489990234375
1995-04-24,,,5.798237323760986,4.543791770935059,514.7100219726562
1995-05-01,,,6.006556987762451,4.758459568023682,520.1199951171875
1995-05-08,,,6.249595642089844,4.740570068359375,525.5499877929688
1995-05-15,,,6.1801581382751465,4.633233547210693,519.1900024414062
1995-05-22,,,6.423194408416748,4.722681522369385,523.6500244140625
1995-05-29,,,6.6315178871154785,4.955236434936523,532.510009765625
1995-06-05,,,6.110719203948975,5.098348617553711,527.9400024414062
1995-06-12,,,6.30167818069458,5.223570823669434,539.8300170898438
1995-06-19,,,6.6315178871154785,5.241461277008057,549.7100219726562
1995-06-26,,,6.562078952789307,5.301427364349365,544.75
1995-07-03,,,6.930536270141602,5.229547500610352,556.3699951171875
1995-07-10,,,6.948083877563477,5.301427364349365,559.8900146484375
1995-07-17,,,7.0709028244018555,5.193603992462158,553.6199951171875
1995-07-24,,,7.298994064331055,5.121723175048828,562.9299926757812
1995-07-31,,,7.42181396484375,5.1037516593933105,558.9400024414062
1995-08-07,,,7.386723041534424,5.319401741027832,555.1099853515625
1995-08-14,,,7.527090549468994,5.301427364349365,559.2100219726562
1995-08-21,,,7.632361888885498,5.301427364349365,560.0999755859375
1995-08-28,,,8.141188621520996,5.319401741027832,563.8400268554688
1995-09-04,,,8.299098014831543,5.4991135597229,572.6799926757812
1995-09-11,,,8.562285423278809,5.624905586242676,583.3499755859375
1995-09-18,,,8.21136474609375,5.714763641357422,581.72998046875
1995-09-25,,,8.5447359085083,5.774648666381836,584.4099731445312
1995-10-02,,,8.915948867797852,5.792695999145508,582.489990234375
1995-10-09,,,9.075155258178711,6.063383102416992,584.5
1995-10-16,,,8.332159042358398,6.225793361663818,587.4600219726562
1995-10-23,,,8.261404037475586,5.828787326812744,579.7000122070312
1995-10-30,,,8.402923583984375,6.027290344238281,590.5700073242188
1995-11-06,,,8.420615196228027,6.153608322143555,592.719970703125
1995-11-13,,,8.296782493591309,6.063383102416992,600.0700073242188
1995-11-20,,,8.50906753540039,6.261885643005371,599.969970703125
1995-11-27,,,8.455995559692383,6.478431701660156,606.97998046875
1995-12-04,,,8.579829216003418,6.604755401611328,617.47998046875
1995-12-11,,,8.17294979095459,6.460389137268066,616.3400268554688
1995-12-18,,,8.243709564208984,6.352113246917725,611.9500122070312
1995-12-25,,,8.314474105834961,6.522716522216797,615.9299926757812
1996-01-01,,,7.993313312530518,6.269052028656006,616.7100219726562
1996-01-08,,,7.939786434173584,6.305294990539551,601.8099975585938
1996-01-15,,,8.492892265319824,6.196579933166504,611.8300170898438
1996-01-22,,,8.992476463317871,6.540836334228516,621.6199951171875
1996-01-29,,,9.31363582611084,6.613308429718018,635.8400268554688
1996-02-05,,,9.545587539672852,6.7039031982421875,656.3699951171875
1996-02-12,,,9.670482635498047,6.848851203918457,647.97998046875
1996-02-19,,,10.348490715026855,6.522716522216797,659.0800170898438
1996-02-26,,,10.384167671203613,6.540836334228516,644.3699951171875
1996-03-04,,,9.47421646118164,6.450241565704346,633.5
1996-03-11,,,9.68832778930664,6.812610149383545,641.4299926757812
1996-03-18,,,10.1522216796875,7.0843939781188965,650.6199951171875
1996-03-25,,,10.063007354736328,7.273712635040283,645.5
1996-04-01,,,10.500282287597656,7.2555317878723145,655.8599853515625
1996-04-08,,,9.802642822265625,6.655449390411377,636.7100219726562
1996-04-15,,,9.695320129394531,6.9827656745910645,645.0700073242188
1996-04-22,,,9.892091751098633,7.128236770629883,653.4600219726562
1996-04-29,,,9.444884300231934,7.037314414978027,641.6300048828125
1996-05-06,,,9.856306076049805,7.2555317878723145,652.0900268554688
1996-05-13,,,10.160405158996582,7.437372207641602,668.9099731445312
1996-05-20,,,10.249848365783691,7.673766613006592,678.510009765625
1996-05-27,,,10.017300605773926,7.582847595214844,669.1199951171875
1996-06-03,,,10.26773452758789,7.582847595214844,673.3099975585938
1996-06-10,,,10.357177734375,7.691955089569092,665.8499755859375
1996-06-17,,,9.659537315368652,7.528290748596191,666.8400268554688
1996-06-24,,,10.106742858886719,7.446138858795166,670.6300048828125
1996-07-01,,,9.91622257232666,7.373135566711426,657.4400024414062
1996-07-08,,,9.808045387268066,7.0993804931640625,646.1900024414062
1996-07-15,,,9.91622257232666,7.227132797241211,638.72998046875
1996-07-22,,,9.970316886901855,7.0993804931640625,635.9000244140625
1996-07-29,,,10.673460960388184,7.719893932342529,662.489990234375
1996-08-05,,,10.529226303100586,7.701638698577881,662.0999755859375
1996-08-12,,,10.997992515563965,8.13964557647705,665.2100219726562
1996-08-19,,,11.268433570861816,8.121397018432617,667.030029296875
1996-08-26,,,10.727548599243164,7.902392864227295,651.989990234375
1996-09-02,,,10.853757858276367,8.176149368286133,655.6799926757812
1996-09-09,,,11.448726654052734,8.322149276733398,680.5399780273438
1996-09-16,,,11.250407218933105,8.066648483276367,687.030029296875
1996-09-23,,,11.629022598266602,8.40492057800293,686.1900024414062
1996-09-30,,,11.873254776000977,8.569724082946777,701.4600219726562
1996-10-07,,,11.836947441101074,8.496475219726562,700.6599731445312
1996-10-14,,,11.964020729064941,8.826077461242676,710.8200073242188
1996-10-21,,,12.145575523376465,8.697903633117676,700.9199829101562
1996-10-28,,,12.436050415039062,9.155679702758789,703.77001953125
1996-11-04,,,13.03515338897705,9.650092124938965,730.8200073242188
1996-11-11,,,12.853610038757324,9.723336219787598,737.6199951171875
1996-11-18,,,13.289324760437012,9.833205223083496,748.72998046875
1996-11-25,,,13.725042343139648,9.906453132629395,757.02001953125
1996-12-02,,,12.998849868774414,9.5219144821167,739.5999755859375
1996-12-09,,,12.417890548706055,9.119062423706055,728.6400146484375
1996-12-16,,,13.289324760437012,9.4486665725708,748.8699951171875
1996-12-23,,,13.380098342895508,9.540225982666016,756.7899780273438
1996-12-30,,,12.898120880126953,10.432900428771973,748.030029296875
1997-01-06,,,12.825037956237793,10.230850219726562,759.5
1997-01-13,,,13.446198463439941,10.561470985412598,776.1699829101562
1997-01-20,,,13.026005744934082,10.745149612426758,770.52001953125
1997-01-27,,,13.519272804260254,10.745149612426758,786.1599731445312
1997-02-03,,,14.304852485656738,11.259446144104004,789.5599975585938
1997-02-10,,,14.871195793151855,11.645174980163574,808.47998046875
1997-02-17,,,14.980812072753906,11.994157791137695,801.77001953125
1997-02-24,,,14.633697509765625,11.8104829788208,790.8200073242188
1997-03-03,,,15.565439224243164,11.828847885131836,804.969970703125
1997-03-10,,,14.670238494873047,11.645174980163574,793.1699829101562
1997-03-17,,,14.907734870910645,10.892095565795898,784.0999755859375
1997-03-24,,,14.085622787475586,10.645540237426758,773.8800048828125
1997-03-31,,,13.809776306152344,10.074591636657715,757.9000244140625
1997-04-07,,,13.27650260925293,10.25876522064209,737.6500244140625
1997-04-14,,,12.871967315673828,10.940229415893555,766.3400268554688
1997-04-21,,,12.55935001373291,11.47435188293457,765.3699951171875
1997-04-28,,,14.030435562133789,12.137393951416016,812.969970703125
1997-05-05,,,14.39820671081543,12.597838401794434,824.780029296875
1997-05-12,,,13.772991180419922,12.874105453491211,829.75
1997-05-19,,,13.993654251098633,13.095121383666992,847.030029296875
1997-05-26,,,13.901721954345703,13.15037727355957,848.280029296875
1997-06-02,,,14.765972137451172,13.555574417114258,858.010009765625
1997-06-09,,,14.913076400756836,14.439634323120117,893.27001953125
1997-06-16,,,15.096970558166504,15.286856651306152,898.7000122070312
1997-06-23,,,14.361433029174805,14.250697135925293,887.2999877929688
1997-06-30,,,15.286556243896484,15.062905311584473,916.9199829101562
1997-07-07,,,15.110737800598145,14.97060489654541,916.6799926757812
1997-07-14,,,15.101490020751953,15.118278503417969,915.2999877929688
1997-07-21,,,15.702957153320312,15.062905311584473,938.7899780273438
1997-07-28,,,16.62828254699707,16.225849151611328,947.1400146484375
1997-08-04,,,15.906537055969238,15.432098388671875,933.5399780273438
1997-08-11,,,16.26741600036621,15.210583686828613,900.8099975585938
1997-08-18,,,16.878129959106445,15.653602600097656,923.5399780273438
1997-08-25,,,16.461740493774414,14.730637550354004,899.469970703125
1997-09-01,,,16.95215606689453,15.173660278320312,929.0499877929688
1997-09-08,,,16.730079650878906,14.915239334106445,923.9099731445312
1997-09-15,,,17.405580520629883,16.281225204467773,950.510009765625
1997-09-22,,,17.3778133392334,17.68414306640625,945.219970703125
1997-09-29,,,18.24973487854004,18.289987564086914,965.030029296875
1997-10-06,,,18.110210418701172,18.086563110351562,966.97998046875
1997-10-13,,,18.110210418701172,17.809146881103516,944.1599731445312
1997-10-20,,,18.398561477661133,17.34682273864746,941.6400146484375
1997-10-27,,,17.180051803588867,16.496126174926758,914.6199951171875
1997-11-03,,,17.477703094482422,17.34682273864746,927.510009765625
1997-11-10,,,15.422054290771484,17.143402099609375,928.3499755859375
1997-11-17,,,16.86379051208496,17.883136749267578,963.0900268554688
1997-11-24,,,16.184782028198242,17.605735778808594,955.4000244140625
1997-12-01,,,17.440500259399414,18.10506248474121,983.7899780273438
1997-12-08,,,16.52893829345703,16.126258850097656,953.3900146484375
1997-12-15,,,16.091764450073242,16.015302658081055,946.780029296875
1997-12-22,,,15.877824783325195,16.366674423217773,936.4600219726562
1997-12-29,,,16.557586669921875,17.1427001953125,975.0399780273438
1998-01-05,,,15.247941970825195,15.270903587341309,927.6900024414062
1998-01-12,,,15.790505409240723,16.29020118713379,961.510009765625
1998-01-19,,,15.453733444213867,16.234601974487305,957.5900268554688
1998-01-26,,,16.043079376220703,16.605255126953125,980.280029296875
1998-02-02,,,17.50238609313965,18.12492561340332,1012.4600219726562
1998-02-09,,,17.689483642578125,17.161230087280273,1020.0900268554688
1998-02-16,,,17.932703018188477,17.995203018188477,1034.2099609375
1998-02-23,,,18.568815231323242,18.32878303527832,1049.3399658203125
1998-03-02,,,18.2039794921875,18.32878303527832,1055.68994140625
1998-03-09,,,18.746538162231445,19.62607192993164,1068.6099853515625
1998-03-16,,,20.149723052978516,20.385915756225586,1099.1600341796875
1998-03-23,,,20.074901580810547,19.996726989746094,1095.43994140625
1998-03-30,,,21.084564208984375,21.183448791503906,1122.699951171875
1998-04-06,,,21.31026268005371,21.109182357788086,1110.6700439453125
1998-04-13,,,20.65195655822754,21.777545928955078,1122.719970703125
1998-04-20,,,20.17232894897461,21.090621948242188,1107.9000244140625
1998-04-27,,,21.197406768798828,21.25770378112793,1121.0
1998-05-04,,,20.595535278320312,20.273719787597656,1108.1400146484375
1998-05-11,,,21.366683959960938,20.10663414001465,1108.72998046875
1998-05-18,,,21.733455657958984,20.51507568359375,1110.469970703125
1998-05-25,,,20.4544620513916,20.47794532775879,1090.8199462890625
1998-06-01,,,21.103368759155273,20.180891036987305,1113.8599853515625
1998-06-08,,,20.896472930908203,19.791017532348633,1098.8399658203125
1998-06-15,,,21.17860984802246,20.01381492614746,1100.6500244140625
1998-06-22,,,22.043792724609375,20.71929359436035,1133.199951171875
1998-06-29,,,22.81087875366211,20.795207977294922,1146.4200439453125
1998-07-06,,,22.52740478515625,21.167205810546875,1164.3299560546875
1998-07-13,,,22.659677505493164,21.14859962463379,1186.75
1998-07-20,,,22.2628116607666,20.72078514099121,1140.800048828125
1998-07-27,,,22.86757469177246,20.66499137878418,1120.6700439453125
1998-08-03,,,20.920995712280273,19.827972412109375,1089.449951171875
1998-08-10,,,19.465791702270508,18.544553756713867,1062.75
1998-08-17,,,19.257904052734375,18.13534927368164,1081.239990234375
1998-08-24,,,17.08452796936035,15.92189884185791,1027.1400146484375
1998-08-31,,,13.720541954040527,15.17788028717041,973.8900146484375
1998-09-07,,,13.909524917602539,14.991877555847168,1009.0599975585938
1998-09-14,,,14.344198226928711,15.698691368103027,1020.0900268554688
1998-09-21,,,13.758337020874023,17.372724533081055,1044.75
1998-09-28,,,13.347180366516113,15.771751403808594,1002.5999755859375
1998-10-05,,,13.061168670654297,16.312387466430664,984.3900146484375
1998-10-12,,,14.977439880371094,18.30715560913086,1056.4200439453125
1998-10-19,,,16.989057540893555,18.008878707885742,1070.6700439453125
1998-10-26,,,17.332260131835938,18.605443954467773,1098.6700439453125
1998-11-02,,,18.609777450561523,20.059589385986328,1141.010009765625
1998-11-09,,,17.446666717529297,19.202009201049805,1125.719970703125
1998-11-16,,,18.89579963684082,20.54428482055664,1163.550048828125
1998-11-23,,,19.963573455810547,20.86121368408203,1192.3299560546875
1998-11-30,,,19.563154220581055,20.879854202270508,1176.739990234375
1998-12-07,,,18.57164764404297,20.432435989379883,1166.4599609375
1998-12-14,,,21.202953338623047,20.413795471191406,1188.030029296875
1998-12-21,,,21.584287643432617,21.49508285522461,1226.27001953125
1998-12-28,,,21.66055679321289,20.958324432373047,1229.22998046875
1999-01-04,,,23.150794982910156,21.929649353027344,1275.0899658203125
1999-01-11,,,21.732624053955078,21.462677001953125,1243.260009765625
1999-01-18,,,22.03927230834961,21.25718879699707,1225.18994140625
1999-01-25,,,23.591585159301758,21.36927604675293,1279.6400146484375
1999-02-01,,,23.438278198242188,20.472660064697266,1239.4000244140625
1999-02-08,,,22.710006713867188,21.3505916595459,1230.1300048828125
1999-02-15,,,23.323278427124023,21.78022003173828,1239.219970703125
1999-02-22,,,24.4156551361084,22.919666290283203,1238.3299560546875
1999-03-01,,,26.638750076293945,24.862327575683594,1275.469970703125
1999-03-08,,,26.983715057373047,25.96441078186035,1294.5899658203125
1999-03-15,,,25.29722785949707,25.067800521850586,1299.2900390625
1999-03-22,,,24.683963775634766,24.227230072021484,1282.800048828125
1999-03-29,,,24.462261199951172,25.42867088317871,1293.719970703125
1999-04-05,,,26.369157791137695,26.682327270507812,1348.3499755859375
1999-04-12,,,26.52324676513672,26.177127838134766,1319.0
1999-04-19,,,26.23432159423828,26.944278717041016,1356.8499755859375
1999-04-26,,,25.425329208374023,26.195831298828125,1335.1800537109375
1999-05-03,,50.551422119140625,24.154069900512695,25.990001678466797,1345.0
1999-05-10,,47.86613082885742,24.365943908691406,25.14800453186035,1337.800048828125
1999-05-17,,46.0333366394043,24.327423095703125,23.613672256469727,1330.2900390625
1999-05-24,,46.33171081542969,22.304956436157227,22.827781677246094,1301.8399658203125
1999-05-31,,44.58413314819336,22.902061462402344,23.389122009277344,1327.75
1999-06-07,,43.13492965698242,22.574623107910156,23.389122009277344,1293.6400146484375
1999-06-14,,44.20053482055664,24.693397521972656,24.530521392822266,1342.8399658203125
1999-06-21,,45.18086242675781,25.020837783813477,24.36211585998535,1315.31005859375
1999-06-28,,48.377620697021484,26.339900970458984,25.887229919433594,1391.219970703125
1999-07-05,,45.86285400390625,26.378602981567383,25.51233673095703,1403.280029296875
1999-07-12,,46.41696548461914,25.333532333374023,22.34438705444336,1418.780029296875
1999-07-19,,43.689048767089844,25.256120681762695,21.3696346282959,1356.93994140625
1999-07-26,,43.85954666137695,23.862682342529297,21.25715446472168,1328.719970703125
1999-08-02,,38.36110305786133,23.456253051757812,20.169923782348633,1300.2900390625
1999-08-09,,43.1424446105957,24.501338958740234,21.219655990600586,1327.6800537109375
1999-08-16,,42.587158203125,25.93348503112793,21.050960540771484,1336.6099853515625
1999-08-23,,42.0745849609375,25.739957809448242,19.045215606689453,1348.27001953125
1999-08-30,,43.1424446105957,26.320558547973633,18.782773971557617,1357.239990234375
1999-09-06,,43.121089935302734,23.97879981994629,18.539094924926758,1351.6600341796875
1999-09-13,,41.049407958984375,24.01750373840332,17.50809669494629,1335.4200439453125
1999-09-20,,42.33086013793945,23.34014892578125,18.482847213745117,1277.3599853515625
1999-09-27,8.31645679473877,40.45138168334961,22.933706283569336,19.65376853942871,1282.81005859375
1999-10-04,8.27966022491455,43.697750091552734,23.528444290161133,20.029556274414062,1336.02001953125
1999-10-11,7.690881252288818,40.83582305908203,20.70659065246582,18.00029182434082,1247.4100341796875
1999-10-18,7.948471546173096,44.85277557373047,25.104801177978516,20.724773406982422,1301.6500244140625
1999-10-25,8.978833198547363,48.61905288696289,27.16767692565918,22.885560989379883,1362.9300537109375
1999-11-01,9.273218154907227,50.45937728881836,26.856306076049805,22.152759552001953,1370.22998046875
1999-11-08,10.597962379455566,54.610836029052734,26.467071533203125,23.12982177734375,1396.06005859375
1999-11-15,10.377167701721191,54.73924255371094,25.84430694580078,22.810400009155273,1422.0
1999-11-22,10.855552673339844,52.94172286987305,24.618276596069336,22.13397789001465,1416.6199951171875
1999-11-29,11.297130584716797,54.140052795410156,25.532955169677734,22.39703369140625,1433.300048828125
1999-12-06,10.377167701721191,56.15158462524414,24.579341888427734,22.209138870239258,1417.0400390625
1999-12-13,10.082783699035645,54.910400390625,22.652692794799805,20.856292724609375,1421.030029296875
1999-12-20,10.082783699035645,55.46683120727539,24.131731033325195,21.138139724731445,1458.3399658203125
1999-12-27,10.119583129882812,64.49728393554688,24.190126419067383,22.013124465942383,1469.25
2000-01-03,9.346813201904297,56.53679656982422,22.78085708618164,21.80598258972168,1441.469970703125
2000-01-10,10.303571701049805,58.633907318115234,23.133148193359375,23.820863723754883,1465.1500244140625
2000-01-17,10.229978561401367,58.75720977783203,22.839574813842773,23.180625915527344,1441.3599853515625
2000-01-24,10.229978561401367,59.65723419189453,24.013858795166016,23.726709365844727,1360.1600341796875
2000-01-31,10.855552673339844,58.07148742675781,25.599123001098633,24.348134994506836,1424.3699951171875
2000-02-07,10.56116008758545,58.37150955200195,25.87311553955078,23.670225143432617,1387.1199951171875
2000-02-14,10.89234447479248,55.414344787597656,23.407150268554688,22.314401626586914,1346.0899658203125
2000-02-21,11.33393383026123,61.2000846862793,23.759424209594727,21.6176700592041,1333.3599853515625
2000-02-28,13.02666187286377,70.28582763671875,25.403398513793945,21.73065948486328,1409.1700439453125
2000-03-06,13.02666187286377,76.97154235839844,24.640138626098633,20.374847412109375,1395.0699462890625
2000-03-13,14.572199821472168,79.88584899902344,28.495656967163086,26.024059295654297,1464.469970703125
2000-03-20,13.210653305053711,83.18585205078125,30.120059967041016,28.208425521850586,1527.4599609375
2000-03-27,11.922707557678223,72.1715316772461,27.30181121826172,29.23596954345703,1498.5799560546875
2000-04-03,14.27780818939209,70.28582763671875,27.18846321105957,28.29286766052246,1516.3499755859375
2000-04-10,13.541841506958008,56.74294662475586,24.827682495117188,26.29351234436035,1356.56005859375
2000-04-17,12.437889099121094,60.97815704345703,24.335853576660156,28.953044891357422,1434.5400390625
2000-04-24,15.308170318603516,64.02487182617188,22.702970504760742,29.23596954345703,1452.4300537109375
2000-05-01,13.946622848510742,61.7076530456543,22.72264289855957,31.291906356811523,1432.6300048828125
2000-05-08,15.160975456237793,57.523677825927734,22.545583724975586,33.2535514831543,1420.9599609375
2000-05-15,15.381762504577637,58.06013488769531,22.821002960205078,34.140079498291016,1406.949951171875
2000-05-22,13.689041137695312,47.932865142822266,22.191469192504883,33.78168869018555,1378.02001953125
2000-05-29,15.160975456237793,59.64784240722656,25.39820098876953,33.36673355102539,1477.260009765625
2000-06-05,14.976985931396484,57.15897750854492,23.076759338378906,31.235322952270508,1456.949951171875
2000-06-12,17.074499130249023,61.75053405761719,21.45371437072754,31.009004592895508,1464.4599609375
2000-06-19,17.773664474487305,59.04710006713867,22.132436752319336,30.971269607543945,1441.47998046875
2000-06-26,17.074499130249023,65.07624816894531,21.748809814453125,32.059608459472656,1454.5999755859375
2000-07-03,17.51607894897461,65.18350219726562,23.80282211303711,33.9865608215332,1478.9000244140625
2000-07-10,19.94477081298828,71.53449249267578,24.961734771728516,32.815277099609375,1509.97998046875
2000-07-17,19.907976150512695,71.66278076171875,25.07318687438965,32.17294692993164,1480.18994140625
2000-07-24,20.01837921142578,67.71015167236328,23.000471115112305,30.680496215820312,1419.8900146484375
2000-07-31,19.871179580688477,76.47467803955078,24.932022094726562,33.7409782409668,1462.9300537109375
2000-08-07,19.61359214782715,82.40361022949219,24.7240047454834,33.70319747924805,1471.8399658203125
2000-08-14,20.386362075805664,80.42731475830078,24.129688262939453,33.40092849731445,1491.719970703125
2000-08-21,20.791135787963867,82.05987548828125,24.753721237182617,34.194374084472656,1506.449951171875
2000-08-28,24.544586181640625,89.1058578491211,26.774457931518555,35.87575912475586,1520.77001953125
2000-09-04,21.78468894958496,85.41105651855469,27.487640380859375,37.04706954956055,1494.5
2000-09-11,22.37346839904785,85.84065246582031,23.357067108154297,36.63144302368164,1465.81005859375
2000-09-18,20.386362075805664,78.96656799316406,22.46556854248047,35.8946647644043,1448.719970703125
2000-09-25,18.8408203125,78.40801239013672,21.96038818359375,39.379966735839844,1436.510009765625
2000-10-02,21.78468894958496,74.84205627441406,20.52593421936035,37.85439682006836,1408.989990234375
2000-10-09,22.7414608001709,69.77238464355469,18.999942779541016,34.08894729614258,1374.1700439453125
2000-10-16,24.765365600585938,72.22382354736328,18.371597290039062,33.32314682006836,1396.9300537109375
2000-10-23,24.986173629760742,64.00778198242188,20.436155319213867,36.174476623535156,1379.5799560546875
2000-10-30,25.72214698791504,69.12670135498047,21.273954391479492,38.2630500793457,1426.68994140625
2000-11-06,25.97972869873047,61.38379669189453,20.496000289916992,39.10452651977539,1365.97998046875
2000-11-13,27.414867401123047,60.60951232910156,18.970020294189453,38.19342041015625,1367.719970703125
2000-11-20,25.02295684814453,56.09281539916992,18.73065757751465,37.112831115722656,1341.77001953125
2000-11-27,25.795734405517578,56.436946868896484,17.862932205200195,38.77157211303711,1315.22998046875
2000-12-04,27.966835021972656,63.233516693115234,19.14955711364746,39.797698974609375,1369.8900146484375
2000-12-11,25.42774772644043,59.66315841674805,21.03459358215332,37.43368911743164,1312.1500244140625
2000-12-18,22.66786766052246,68.00825500488281,21.842451095581055,36.92516326904297,1305.949951171875
2000-12-25,24.72858238220215,73.60031127929688,21.7526912689209,37.65505599975586,1320.280029296875
2001-01-01,21.048728942871094,74.24556732177734,23.599910736083984,35.07518005371094,1298.3499755859375
2001-01-08,21.78468894958496,74.84781646728516,25.709749221801758,34.25969314575195,1318.550048828125
2001-01-15,23.44063377380371,76.4367446899414,24.383560180664062,29.860910415649414,1342.5400390625
2001-01-22,23.29343605041504,79.0204849243164,26.131711959838867,33.22593688964844,1354.949951171875
2001-01-29,25.02295684814453,78.5192642211914,26.34992027282715,33.57155227661133,1349.469970703125
2001-02-05,24.846342086791992,74.24049377441406,25.052688598632812,32.74089813232422,1314.760009765625
2001-02-12,24.787460327148438,69.9342041015625,25.071979522705078,31.801095962524414,1301.530029296875
2001-02-19,23.403841018676758,66.17224884033203,22.68967628479004,29.588069915771484,1245.8599853515625
2001-02-26,23.85129737854004,62.97527313232422,22.086856842041016,31.32516098022461,1234.1800537109375
2001-03-05,22.137964248657227,59.94362258911133,23.605939865112305,30.315631866455078,1233.4200439453125
2001-03-12,22.40291404724121,60.32256317138672,21.4985294342041,27.314390182495117,1150.530029296875
2001-03-19,19.1940860748291,61.87975311279297,20.114479064941406,26.677764892578125,1139.8299560546875
2001-03-26,21.195924758911133,58.63447189331055,21.65285301208496,28.372940063476562,1160.3299560546875
2001-04-02,19.54735565185547,58.01438522338867,19.6384220123291,27.25502586364746,1128.4300537109375
2001-04-09,20.147899627685547,64.76665496826172,22.05979347229004,28.868072509765625,1183.5
2001-04-16,19.017454147338867,65.99149322509766,23.241308212280273,31.790441513061523,1242.97998046875
2001-04-23,19.723979949951172,64.1150894165039,24.23805809020996,31.7448787689209,1253.050048828125
2001-04-30,19.81230354309082,67.05390167236328,24.602731704711914,32.507362365722656,1266.6099853515625
2001-05-07,21.213586807250977,64.05299377441406,22.58005714416504,31.972692489624023,1245.6700439453125
2001-05-14,21.79648208618164,67.08838653564453,23.416351318359375,33.72854232788086,1291.9599609375
2001-05-21,21.260696411132812,67.5781478881836,23.678909301757812,33.94727325439453,1277.8900146484375
2001-05-28,20.883874893188477,66.70893096923828,23.77128791809082,33.02072525024414,1260.6700439453125
2001-06-04,20.877981185913086,65.7845230102539,21.490915298461914,32.58329391479492,1264.9599609375
2001-06-11,19.400148391723633,61.59712600708008,21.83127212524414,31.058320999145508,1214.3599853515625
2001-06-18,19.41781234741211,63.53559875488281,22.31749153137207,30.693798065185547,1225.3499755859375
2001-06-25,20.189119338989258,59.189537048339844,21.622190475463867,30.13091468811035,1224.3800048828125
2001-07-02,20.666030883789062,57.32695388793945,21.803512573242188,30.374427795410156,1190.5899658203125
2001-07-09,22.97991943359375,59.430973052978516,20.8433895111084,31.25113868713379,1215.6800537109375
2001-07-16,23.87485694885254,57.223445892333984,21.259767532348633,31.372913360595703,1210.8499755859375
2001-07-23,23.315521240234375,58.596553802490234,21.656551361083984,32.75495910644531,1205.8199462890625
2001-07-30,23.403841018676758,59.066341400146484,21.22058868408203,33.21766662597656,1214.3499755859375
2001-08-06,23.468595504760742,55.81938171386719,20.696428298950195,31.85389518737793,1190.1600341796875
2001-08-13,22.8150634765625,53.36695098876953,20.31924819946289,30.684938430786133,1161.969970703125
2001-08-20,23.698223114013672,56.16481018066406,20.049814224243164,30.84324073791504,1184.9300537109375
2001-08-27,22.40291404724121,55.33580780029297,19.300342559814453,29.56468963623047,1133.5799560546875
2001-09-03,23.768875122070312,51.453338623046875,18.12468719482422,27.135461807250977,1085.780029296875
2001-09-10,23.815977096557617,52.64155578613281,18.252052307128906,27.592084884643555,1092.5400390625
2001-09-17,23.168325424194336,46.76255416870117,15.097378730773926,24.50532341003418,965.7999877929688
2001-09-24,26.035669326782227,49.2910041809082,16.728593826293945,27.766338348388672,1040.93994140625
2001-10-01,23.54513168334961,52.67608642578125,16.526683807373047,26.838760375976562,1071.3800048828125
2001-10-08,23.162433624267578,57.20104217529297,16.269468307495117,26.905887603759766,1091.6500244140625
2001-10-15,24.95231819152832,55.09400939941406,16.754234313964844,26.51533317565918,1073.47998046875
2001-10-22,24.669702529907227,57.50787353515625,18.57459259033203,28.89530372619629,1104.6099853515625
2001-10-29,25.576414108276367,56.90595245361328,17.82765007019043,27.589357376098633,1087.199951171875
2001-11-05,25.25259017944336,60.09545135498047,19.31659698486328,30.561281204223633,1120.31005859375
2001-11-12,25.046524047851562,60.7111701965332,19.49466896057129,31.08609962463379,1138.6500244140625
2001-11-19,24.245786666870117,62.371673583984375,19.484771728515625,32.58730697631836,1150.3399658203125
2001-11-26,22.83271598815918,61.576019287109375,18.658693313598633,31.940444946289062,1139.449951171875
2001-12-03,22.962247848510742,63.38179397583008,19.672744750976562,33.13653564453125,1158.31005859375
2001-12-10,24.4341983795166,62.03265380859375,17.82765007019043,31.079984664916992,1123.0899658203125
2001-12-17,24.387081146240234,63.866065979003906,17.6842098236084,31.70855140686035,1144.8900146484375
2001-12-24,24.587268829345703,64.53031158447266,18.079933166503906,32.01420211791992,1161.02001953125
2001-12-31,24.681474685668945,66.93795013427734,19.4740047454834,33.12109375,1172.510009765625
2002-01-07,24.0809326171875,63.063514709472656,19.144447326660156,34.08734893798828,1145.5999755859375
2002-01-14,24.875778198242188,61.80497741699219,17.93107032775879,33.14555358886719,1127.5799560546875
2002-01-21,24.816898345947266,60.48173141479492,17.471683502197266,33.45743179321289,1133.280029296875
2002-01-28,25.29969024658203,59.16541290283203,16.058565139770508,32.45450973510742,1122.199951171875
2002-02-04,25.64118003845215,58.056922912597656,15.53925895690918,31.787939071655273,1096.219970703125
2002-02-11,24.281110763549805,57.3364143371582,15.004976272583008,31.818510055541992,1104.1800537109375
2002-02-18,25.3997859954834,54.731475830078125,14.076215744018555,29.93496322631836,1089.8399658203125
2002-02-25,26.42424774169922,57.82827377319336,14.810232162475586,31.182504653930664,1131.780029296875
2002-03-04,26.494909286499023,62.553218841552734,17.34684944152832,34.54597854614258,1164.31005859375
2002-03-11,26.035669326782227,62.3523063659668,17.981002807617188,35.11473083496094,1166.1600341796875
2002-03-18,26.188745498657227,62.16522979736328,17.5765380859375,34.25856018066406,1148.699951171875
2002-03-25,26.259389877319336,62.525516510009766,17.801237106323242,33.93463134765625,1147.3900146484375
2002-04-01,25.552860260009766,59.68500518798828,17.576005935668945,33.321868896484375,1122.72998046875
2002-04-08,26.848169326782227,57.502655029296875,17.283578872680664,33.156429290771484,1111.010009765625
2002-04-15,25.758930206298828,59.79585647583008,19.038143157958984,33.67113494873047,1125.1700439453125
2002-04-22,26.494909286499023,54.92072677612305,17.641551971435547,31.78998374938965,1076.3199462890625
2002-04-29,27.672454833984375,54.504425048828125,17.98944091796875,30.380611419677734,1073.4300537109375
2002-05-06,26.77751350402832,53.25541305541992,17.686939239501953,28.49331283569336,1054.989990234375
2002-05-13,27.142568588256836,55.85748291015625,19.209577560424805,30.172279357910156,1106.5899658203125
2002-05-20,26.73630714416504,54.254638671875,19.058320999145508,28.836462020874023,1083.8199462890625
2002-05-27,25.317352294921875,52.35337448120117,18.125572204589844,28.46879768371582,1067.1400146484375
2002-06-03,25.965002059936523,51.312564849853516,16.986108779907227,27.439363479614258,1027.530029296875
2002-06-10,24.816898345947266,50.54928207397461,16.638219833374023,26.51409912109375,1007.27001953125
2002-06-17,24.846342086791992,48.953372955322266,16.633176803588867,26.452838897705078,989.1400146484375
2002-06-24,26.082761764526367,50.896240234375,17.102075576782227,27.467458724975586,989.8200073242188
2002-07-01,24.964088439941406,51.312564849853516,16.611600875854492,27.578062057495117,989.030029296875
2002-07-08,25.505756378173828,50.757476806640625,15.39848518371582,25.617843627929688,921.3900146484375
2002-07-15,25.193714141845703,53.42888641357422,13.303548812866211,24.08778190612793,847.75
2002-07-22,23.904287338256836,48.36404037475586,11.341153144836426,23.72524642944336,852.8400268554688
2002-07-29,24.14567756652832,48.99654006958008,12.156696319580078,24.898906707763672,864.239990234375
2002-08-05,26.218175888061523,52.444175720214844,13.430977821350098,26.939006805419922,908.6400146484375
2002-08-12,27.330976486206055,55.28012466430664,12.67150592803955,27.068042755126953,928.77001953125
2002-08-19,26.465452194213867,54.4251708984375,13.104764938354492,27.141767501831055,940.8599853515625
2002-08-26,26.05332374572754,53.73011016845703,13.456465721130371,26.61946678161621,916.0700073242188
2002-09-02,25.37623405456543,50.282474517822266,12.187280654907227,25.59942626953125,893.9199829101562
2002-09-09,26.436033248901367,50.74123764038086,11.234110832214355,24.99721336364746,889.8099975585938
2002-09-16,24.72858238220215,46.82095718383789,10.286042213439941,23.964889526367188,845.3900146484375
2002-09-23,24.616708755493164,45.96600341796875,9.348165512084961,23.771543502807617,827.3699951171875
2002-09-30,22.108522415161133,43.13004684448242,8.578438758850098,20.930288314819336,800.5800170898438
2002-10-07,21.767038345336914,44.62446594238281,8.915555953979492,22.61285400390625,835.3200073242188
2002-10-14,22.608983993530273,49.038272857666016,9.83874797821045,24.917890548706055,884.3900146484375
2002-10-21,20.901533126831055,51.51259994506836,10.56485652923584,25.940988540649414,897.6500244140625
2002-10-28,20.872100830078125,51.13665771484375,11.161299705505371,26.323104858398438,900.9600219726562
2002-11-04,20.754335403442383,50.87904357910156,10.476688385009766,26.249156951904297,894.739990234375
2002-11-11,21.53741455078125,52.38981246948242,11.456928253173828,27.062692642211914,909.8300170898438
2002-11-18,23.109445571899414,55.07719039916992,12.961003303527832,28.19671630859375,930.5499877929688
2002-11-25,23.556909561157227,54.91008758544922,13.054360389709473,27.734495162963867,936.3099975585938
2002-12-02,23.050561904907227,51.867652893066406,12.670557975769043,26.150541305541992,912.22998046875
2002-12-09,24.292879104614258,50.89297866821289,12.250467300415039,25.065813064575195,889.47998046875
2002-12-16,23.66288948059082,50.0296745300293,12.898776054382324,24.806961059570312,895.760009765625
2002-12-23,22.944589614868164,47.368534088134766,12.343825340270996,23.919466018676758,875.4000244140625
2002-12-30,24.110368728637695,49.08415603637695,13.647055625915527,24.915058135986328,908.5900268554688
2003-01-06,24.922874450683594,52.25044631958008,14.252074241638184,24.877971649169922,927.5700073242188
2003-01-13,24.61082649230957,50.618492126464844,13.778575897216797,25.119138717651367,901.780029296875
2003-01-20,23.627565383911133,48.306968688964844,12.526464462280273,24.574962615966797,861.4000244140625
2003-01-27,24.875778198242188,47.573455810546875,12.279193878173828,24.482200622558594,855.7000122070312
2003-02-03,24.587268829345703,45.89683532714844,11.563693046569824,22.886735916137695,829.6900024414062
2003-02-10,24.551939010620117,46.595436096191406,11.495299339294434,23.05369758605957,834.8900146484375
2003-02-17,25.05240821838379,47.85289001464844,12.037185668945312,23.325794219970703,848.1699829101562
2003-02-24,24.493072509765625,48.51652908325195,11.931964874267578,22.787799835205078,841.1500244140625
2003-03-03,24.899322509765625,46.581459045410156,11.726786613464355,21.70560646057129,828.8900146484375
2003-03-10,24.39885902404785,46.53954315185547,11.184904098510742,21.80455207824707,833.27001953125
2003-03-17,26.406585693359375,50.36778259277344,12.9683837890625,21.09339141845703,895.7899780273438
2003-03-24,25.894357681274414,48.97760009765625,12.86316967010498,19.83294105529785,863.5
2003-03-31,26.889381408691406,50.33984375,13.649188041687012,20.553241729736328,878.8499755859375
2003-04-07,26.836408615112305,50.591304779052734,13.654519081115723,20.317283630371094,868.2999877929688
2003-04-14,27.84319496154785,53.16212463378906,14.572294235229492,20.602909088134766,893.5800170898438
2003-04-21,26.583206176757812,53.08379364013672,14.919130325317383,21.372886657714844,898.8099975585938
2003-04-28,26.64209747314453,53.59455108642578,15.932939529418945,22.447126388549805,930.0800170898438
2003-05-05,26.353609085083008,52.47507095336914,16.050342559814453,22.658233642578125,933.4099731445312
2003-05-12,27.23086929321289,53.66449737548828,16.674633026123047,23.502714157104492,944.2999877929688
2003-05-19,26.73042106628418,53.279701232910156,16.48788070678711,22.819683074951172,933.219970703125
2003-05-26,26.72452735900879,57.022911071777344,17.53371238708496,23.788362503051758,963.5900268554688
2003-06-02,28.049270629882812,62.06049346923828,18.744956970214844,24.96194839477539,987.760009765625
2003-06-09,26.865833282470703,62.38938522338867,18.515518188476562,25.092336654663086,988.6099853515625
2003-06-16,27.09545135498047,60.34635925292969,18.56887435913086,24.8812198638916,995.6900024414062
2003-06-23,26.64209747314453,57.638607025146484,18.088642120361328,24.571382522583008,976.219970703125
2003-06-30,26.871721267700195,59.26183319091797,18.394338607788086,25.132240295410156,985.7000122070312
2003-07-07,27.289752960205078,61.09497833251953,19.27283477783203,26.652755737304688,998.1400146484375
2003-07-14,27.083683013916016,61.35388946533203,19.041088104248047,27.830537796020508,993.3200073242188
2003-07-21,26.583206176757812,60.642822265625,19.116533279418945,28.665578842163086,998.6799926757812
2003-07-28,26.600889205932617,59.7165412902832,17.979345321655273,27.849245071411133,980.1500244140625
2003-08-04,26.671537399291992,60.22175979614258,17.779937744140625,27.57505989074707,977.5900268554688
2003-08-11,27.030702590942383,61.58307647705078,18.14103889465332,27.587505340576172,990.6699829101562
2003-08-18,27.201438903808594,61.042808532714844,18.281169891357422,27.786916732788086,993.0599975585938
2003-08-25,26.771615982055664,62.095359802246094,18.442846298217773,27.38809585571289,1008.010009765625
2003-09-01,27.26621437072754,63.828609466552734,18.426679611206055,27.213621139526367,1021.3900146484375
2003-09-08,28.496171951293945,63.6672248840332,18.32427978515625,27.80561065673828,1018.6300048828125
2003-09-15,30.382530212402344,65.77240753173828,19.1273193359375,29.724950790405273,1036.300048828125
2003-09-22,28.91605567932129,59.43582534790039,18.426679611206055,27.9801025390625,996.8499755859375
2003-09-29,29.933120727539062,60.811248779296875,19.138765335083008,29.180335998535156,1029.8499755859375
2003-10-06,30.376615524291992,61.0076904296875,19.329235076904297,30.06797981262207,1038.06005859375
2003-10-13,30.76689910888672,61.169105529785156,19.775466918945312,32.66221237182617,1039.3199462890625
2003-10-20,29.661104202270508,60.39636993408203,18.92110252380371,31.518260955810547,1028.9100341796875
2003-10-27,30.36478614807129,66.08271026611328,19.53603172302246,32.73098373413086,1050.7099609375
2003-11-03,29.37135124206543,68.25033569335938,19.612201690673828,31.837051391601562,1053.2099609375
2003-11-10,29.418664932250977,66.01235961914062,19.296585083007812,31.724546432495117,1050.3499755859375
2003-11-17,29.495532989501953,65.42823028564453,19.0462646484375,30.930654525756836,1035.280029296875
2003-11-24,30.128265380859375,67.61692810058594,19.263931274414062,31.855804443359375,1058.199951171875
2003-12-01,30.371667861938477,68.9892578125,19.024492263793945,31.555753707885742,1061.5
2003-12-08,30.74567222595215,69.77747344970703,19.09523582458496,31.305709838867188,1074.1400146484375
2003-12-15,31.03063201904297,67.82805633544922,19.47071647644043,31.687030792236328,1088.6600341796875
2003-12-22,30.977195739746094,68.9259262084961,19.71016502380371,32.21837615966797,1095.8900146484375
2003-12-29,32.05171585083008,68.35589599609375,20.11402702331543,32.29285430908203,1108.47998046875
2004-01-05,34.19483184814453,68.61628723144531,21.28944969177246,34.32408142089844,1121.8599853515625
2004-01-12,33.34590530395508,70.71343994140625,21.569562911987305,34.938472747802734,1139.8299560546875
2004-01-19,35.17436981201172,70.1980972290039,21.750825881958008,34.54978561401367,1141.550048828125
2004-01-26,34.444183349609375,70.23335266113281,21.360843658447266,33.75985336303711,1131.1300048828125
2004-02-02,35.6314811706543,71.4962158203125,21.82223129272461,33.4526481628418,1142.760009765625
2004-02-09,34.871620178222656,74.67807006835938,22.05841636657715,34.06076431274414,1145.81005859375
2004-02-16,35.1803092956543,75.1507797241211,22.28360939025879,34.02315139770508,1144.1099853515625
2004-02-23,35.32279586791992,74.6921615600586,22.530786514282227,33.68462371826172,1144.93994140625
2004-03-01,36.65974807739258,76.93567657470703,23.623815536499023,34.03569793701172,1156.8599853515625
2004-03-08,35.920589447021484,74.02900695800781,22.80540657043457,31.922956466674805,1120.5699462890625
2004-03-15,36.30209732055664,72.427490234375,22.70106315612793,32.77558135986328,1109.780029296875
2004-03-22,35.76560592651367,73.196533203125,22.657114028930664,32.83827590942383,1108.06005859375
2004-03-29,38.74607467651367,74.74864196777344,22.99591064453125,33.04452896118164,1141.81005859375
2004-04-05,37.613494873046875,74.57220458984375,22.785505294799805,33.4846305847168,1139.3199462890625
2004-04-12,37.8519401550293,72.92135620117188,21.738981246948242,31.284164428710938,1134.6099853515625
2004-04-19,36.51071548461914,71.01448822021484,21.207406997680664,31.554529190063477,1140.5999755859375
2004-04-26,37.07701110839844,68.42599487304688,20.81980323791504,30.68062400817871,1107.300048828125
2004-05-03,35.69407272338867,65.8021011352539,20.199636459350586,29.92618179321289,1098.699951171875
2004-05-10,34.94896697998047,66.48812103271484,19.745586395263672,29.32889747619629,1095.699951171875
2004-05-17,35.26488494873047,64.88268280029297,19.978153228759766,30.058197021484375,1093.56005859375
2004-05-24,37.613494873046875,66.41741943359375,20.398990631103516,30.441720962524414,1120.6800537109375
2004-05-31,38.62841796875,64.72708892822266,20.64261245727539,30.309680938720703,1122.5
2004-06-07,38.04195785522461,65.78086853027344,20.930545806884766,30.529714584350586,1136.469970703125
2004-06-14,37.25204086303711,63.072139739990234,20.614933013916016,30.548585891723633,1135.02001953125
2004-06-21,37.401641845703125,66.87003326416016,21.035755157470703,31.18357276916504,1134.4300537109375
2004-06-28,38.975494384765625,66.20523834228516,21.27214813232422,31.317543029785156,1125.3800048828125
2004-07-05,38.831886291503906,63.68743896484375,20.573863983154297,30.81292724609375,1112.81005859375
2004-07-12,37.994102478027344,61.7071533203125,20.037599563598633,27.514015197753906,1101.3900146484375
2004-07-19,37.407630920410156,62.096214294433594,20.406282424926758,26.706640243530273,1086.199951171875
2004-07-26,37.07250213623047,62.55015182495117,20.853174209594727,27.00310707092285,1101.719970703125
2004-08-02,36.827171325683594,59.96840286254883,20.160493850708008,26.782331466674805,1063.969970703125
2004-08-09,36.83911895751953,59.75563430786133,20.596220016479492,27.02202796936035,1064.800048828125
2004-08-16,38.227481842041016,62.2806282043457,21.59055519104004,28.567411422729492,1098.3499755859375
2004-08-23,42.67378616333008,64.17434692382812,22.188276290893555,28.59894561767578,1107.77001953125
2004-08-30,44.96860885620117,63.975799560546875,22.260892868041992,28.630489349365234,1113.6300048828125
2004-09-06,44.194026947021484,66.05391693115234,22.232959747314453,28.64940071105957,1123.9200439453125
2004-09-13,44.76447677612305,65.28791046142578,22.149166107177734,28.220478057861328,1128.550048828125
2004-09-20,44.109962463378906,66.3021469116211,22.205020904541016,26.70035171508789,1110.1099853515625
2004-09-27,44.638362884521484,66.61426544189453,22.534618377685547,27.320919036865234,1131.5
2004-10-04,43.11319351196289,66.8411865234375,22.33742904663086,27.498191833496094,1122.1400146484375
2004-10-11,41.906272888183594,66.78445434570312,21.82477378845215,26.63075065612793,1108.199951171875
2004-10-18,42.596778869628906,65.92745208740234,21.10930061340332,27.2702579498291,1095.739990234375
2004-10-25,44.13398742675781,69.96699523925781,21.745906829833984,28.523921966552734,1130.199951171875
2004-11-01,44.710418701171875,71.7236328125,22.168424606323242,29.157081604003906,1166.1700439453125
2004-11-08,45.875308990478516,74.43327331542969,22.067012786865234,28.973453521728516,1184.1700439453125
2004-11-15,44.37416458129883,73.28114318847656,21.08112907409668,28.21367073059082,1170.3399658203125
2004-11-22,45.8212776184082,74.56129455566406,21.233240127563477,28.409948348999023,1182.6500244140625
2004-11-29,45.99953842163086,75.72051239013672,21.441694259643555,28.47325897216797,1191.1700439453125
2004-12-06,46.361026763916016,77.80432891845703,21.19943618774414,28.682209014892578,1188.0
2004-12-13,46.391136169433594,73.78610229492188,21.700838088989258,30.518383026123047,1194.199951171875
2004-12-20,46.69841766357422,74.21278381347656,22.061382293701172,30.67032241821289,1210.1300048828125
2004-12-27,46.54777526855469,73.99235534667969,21.97687530517578,31.20926284790039,1211.9200439453125
2005-01-03,47.198486328125,74.51860809326172,21.82274627685547,30.859813690185547,1186.18994140625
2005-01-10,48.74684524536133,74.12033081054688,21.487457275390625,29.658977508544922,1184.52001953125
2005-01-17,47.78285598754883,73.66548156738281,20.94187355041504,28.59153938293457,1167.8699951171875
2005-01-24,47.626243591308594,75.65453338623047,21.027128219604492,27.816402435302734,1171.3599853515625
2005-01-31,48.43959045410156,78.43489837646484,21.419254302978516,28.763099670410156,1203.030029296875
2005-02-07,48.80109405517578,80.39539337158203,21.2999210357666,29.029949188232422,1205.300048828125
2005-02-14,48.51789474487305,77.70772552490234,20.748661041259766,27.63215446472168,1201.5899658203125
2005-02-21,47.09605407714844,78.49198150634766,21.01007652282715,27.574970245361328,1211.3699951171875
2005-02-28,48.71268844604492,79.51136779785156,21.316953659057617,28.610620498657227,1222.1199951171875
2005-03-07,48.35588836669922,78.09983825683594,20.521347045898438,28.292922973632812,1200.0799560546875
2005-03-14,48.162376403808594,78.40637969970703,20.464509963989258,28.642383575439453,1189.6500244140625
2005-03-21,45.32609176635742,77.27998352050781,19.850744247436523,27.3017520904541,1171.4200439453125
2005-03-28,45.73731231689453,77.9216079711914,19.464303970336914,27.653079986572266,1172.9200439453125
2005-04-04,44.40686798095703,80.50948333740234,19.802963256835938,27.238441467285156,1181.199951171875
2005-04-11,42.33258056640625,75.91830444335938,19.475778579711914,25.949878692626953,1142.6199951171875
2005-04-18,45.50751876831055,74.45569610595703,20.01534080505371,29.088376998901367,1152.1199951171875
2005-04-25,45.33211898803711,76.31370544433594,20.371213912963867,29.490243911743164,1156.8499755859375
2005-05-02,45.21723175048828,74.80586242675781,20.44010353088379,29.605058670043945,1171.3499755859375
2005-05-09,45.785701751708984,69.90360260009766,19.78000259399414,29.394569396972656,1154.050048828125
2005-05-16,47.297569274902344,72.23324584960938,20.698402404785156,30.42795181274414,1189.280029296875
2005-05-23,47.23105239868164,68.2457046508789,20.54916000366211,30.651233673095703,1198.780029296875
2005-05-30,46.97750473022461,69.53201293945312,20.405658721923828,31.869619369506836,1196.02001953125
2005-06-06,47.038204193115234,70.78260040283203,20.336772918701172,31.831342697143555,1198.1099853515625
2005-06-13,47.39638900756836,74.17698669433594,20.709882736206055,31.35293197631836,1216.9599609375
2005-06-20,46.29146194458008,74.08409881591797,20.417139053344727,30.823471069335938,1191.5699462890625
2005-06-27,49.29660415649414,73.39805603027344,20.32001495361328,31.090362548828125,1194.43994140625
2005-07-04,49.873374938964844,75.49906158447266,20.175111770629883,31.295242309570312,1211.8599853515625
2005-07-11,50.8447151184082,77.53567504882812,20.783672332763672,32.562931060791016,1227.9200439453125
2005-07-18,49.96443557739258,78.16639709472656,20.632980346679688,31.80103302001953,1233.6800537109375
2005-07-25,51.60361099243164,76.98457336425781,20.366376876831055,31.845853805541992,1234.1800537109375
2005-08-01,50.06155014038086,78.57470703125,20.43013572692871,30.955907821655273,1226.4200439453125
2005-08-08,51.24541473388672,81.4039306640625,19.885332107543945,30.79585838317871,1230.3900146484375
2005-08-15,51.88285446166992,79.69922637939453,20.018625259399414,30.84066390991211,1219.7099609375
2005-08-22,51.08757400512695,78.61050415039062,19.5028076171875,30.61018180847168,1205.0999755859375
2005-08-29,50.590389251708984,81.08876037597656,19.7694034576416,31.397693634033203,1218.02001953125
2005-09-05,51.138771057128906,83.20893859863281,20.180898666381836,31.679405212402344,1241.47998046875
2005-09-12,51.33374786376953,84.80623626708984,20.279438018798828,32.23000717163086,1237.9100341796875
2005-09-19,52.168495178222656,85.57262420654297,19.746231079101562,31.3144588470459,1215.2900390625
2005-09-26,53.99641418457031,87.08394622802734,19.665075302124023,31.439538955688477,1228.81005859375
2005-10-03,53.7404899597168,84.21170806884766,19.845447540283203,32.28788757324219,1195.9000244140625
2005-10-10,51.668846130371094,82.04859924316406,19.95082664489746,32.082237243652344,1186.5699462890625
2005-10-17,54.776309967041016,85.2470703125,20.565513610839844,34.98068618774414,1179.5899658203125
2005-10-24,56.79917526245117,89.40286254882812,21.332399368286133,35.39842224121094,1198.4100341796875
2005-10-31,58.80986785888672,93.99642944335938,21.841707229614258,35.80973815917969,1220.1400146484375
2005-11-07,61.899051666259766,93.30743408203125,22.39784812927246,37.10792541503906,1234.719970703125
2005-11-14,63.775691986083984,94.44144439697266,22.26321029663086,37.448543548583984,1248.27001953125
2005-11-21,67.63259887695312,96.2645492553711,22.749101638793945,37.210758209228516,1268.25
2005-11-28,67.23467254638672,94.08256530761719,22.8251895904541,37.287872314453125,1265.0799560546875
2005-12-05,66.75202941894531,93.0633773803711,22.901302337646484,38.10405731201172,1259.3699951171875
2005-12-12,68.85386657714844,90.7952880859375,23.293519973754883,37.51921844482422,1267.3199462890625
2005-12-19,66.46484375,91.95088195800781,23.533531188964844,36.908687591552734,1268.6600341796875
2005-12-26,66.28154754638672,91.66376495361328,23.2349910736084,35.749420166015625,1248.2900390625
2006-01-02,67.46688079833984,92.47480010986328,23.628055572509766,37.387298583984375,1285.449951171875
2006-01-09,68.82946014404297,95.64726257324219,23.569011688232422,37.07132339477539,1287.6099853515625
2006-01-16,77.5973129272461,94.517578125,22.46495819091797,37.316368103027344,1261.489990234375
2006-01-23,81.33663177490234,99.91068267822266,23.468650817871094,38.593135833740234,1283.719970703125
2006-01-30,79.2225570678711,102.6432113647461,23.338764190673828,38.67049789428711,1264.030029296875
2006-02-06,80.35289764404297,101.25542449951172,23.569011688232422,38.767234802246094,1266.989990234375
2006-02-13,89.56072998046875,104.65673065185547,24.076772689819336,39.6957893371582,1287.239990234375
2006-02-20,87.67882537841797,103.66439819335938,24.596330642700195,40.37286376953125,1289.4300537109375
2006-02-27,86.62049102783203,104.98747253417969,24.554994583129883,40.14072799682617,1287.22998046875
2006-03-06,81.0439224243164,101.773193359375,24.283418655395508,39.62486267089844,1281.4200439453125
2006-03-13,86.07511138916016,108.12277221679688,24.442819595336914,40.476036071777344,1307.25
2006-03-20,85.45618438720703,109.42431640625,24.856098175048828,39.5474853515625,1302.949951171875
2006-03-27,85.79318237304688,112.86882019042969,24.584516525268555,39.0907096862793,1294.8699951171875
2006-04-03,90.42601776123047,115.78834533691406,24.821205139160156,39.02602767944336,1295.5
2006-04-10,87.63162994384766,114.64495849609375,25.112873077392578,38.29505920410156,1289.1199951171875
2006-04-17,92.41153717041016,119.53852081298828,25.29739761352539,41.6846809387207,1311.280029296875
2006-04-24,92.86498260498047,115.50324249267578,27.011682510375977,42.25394058227539,1310.6099853515625
2006-05-01,92.38089752197266,118.45759582519531,27.76760482788086,42.49327850341797,1325.760009765625
2006-05-08,85.72582244873047,112.49110412597656,26.380722045898438,41.044288635253906,1291.239990234375
2006-05-15,81.16648864746094,107.66323852539062,25.446205139160156,40.02867126464844,1267.030029296875
2006-05-22,84.13859558105469,110.20690155029297,25.73192024230957,40.740230560302734,1280.1600341796875
2006-05-29,83.37259674072266,111.03553009033203,26.077157974243164,40.979576110839844,1288.219970703125
2006-06-05,81.57769012451172,108.0090560913086,25.059307098388672,39.01954650878906,1252.300048828125
2006-06-12,78.6578140258789,103.76484680175781,23.90455436706543,38.08805465698242,1251.5400390625
2006-06-19,81.17195129394531,106.58952331542969,24.327167510986328,37.19535827636719,1244.5
2006-06-26,85.5486831665039,108.39816284179688,24.99978256225586,37.70914077758789,1270.199951171875
2006-07-03,85.34581756591797,107.01468658447266,25.449844360351562,36.540672302246094,1265.47998046875
2006-07-10,81.7436294555664,100.95452117919922,24.537704467773438,35.638362884521484,1236.199951171875
2006-07-17,77.58824920654297,102.59982299804688,25.893917083740234,36.87825012207031,1240.2900390625
2006-07-24,79.90565490722656,109.5920181274414,27.292137145996094,39.12429428100586,1278.550048828125
2006-07-31,78.15989685058594,110.5093765258789,27.076107025146484,40.18241500854492,1279.3599853515625
2006-08-07,77.05956268310547,109.15135192871094,26.361988067626953,39.533260345458984,1266.739990234375
2006-08-14,81.78669738769531,111.7300796508789,27.430152893066406,40.896480560302734,1302.300048828125
2006-08-21,78.92825317382812,108.40011596679688,27.31613540649414,39.306060791015625,1295.0899658203125
2006-08-28,82.13235473632812,107.7283706665039,27.4421443939209,40.07857131958008,1311.010009765625
2006-09-04,82.02751922607422,108.20513916015625,27.16010284423828,40.24732971191406,1298.9200439453125
2006-09-11,91.27191925048828,117.5304183959961,28.174266815185547,41.33141326904297,1319.6600341796875
2006-09-18,89.05180358886719,121.00479888916016,28.096240997314453,40.227840423583984,1314.780029296875
2006-09-25,91.88856506347656,122.19670104980469,28.180265426635742,40.63643264770508,1335.8499755859375
2006-10-02,91.90091705322266,126.87731170654297,28.321918487548828,41.56118392944336,1349.5899658203125
2006-10-09,92.19696807861328,132.80039978027344,29.107624053955078,41.59375762939453,1365.6199951171875
2006-10-16,89.79795837402344,130.5581512451172,28.479066848754883,40.896942138671875,1368.5999755859375
2006-10-23,92.19696807861328,136.5432891845703,28.581811904907227,41.033687591552734,1377.3399658203125
2006-10-30,89.63761901855469,135.4287109375,28.340042114257812,41.26812744140625,1364.300048828125
2006-11-06,87.42362213134766,135.3780517578125,28.775222778320312,41.39839172363281,1380.9000244140625
2006-11-13,90.760009765625,141.1533660888672,28.805438995361328,41.59375762939453,1401.199951171875
2006-11-20,92.35114288330078,145.90090942382812,28.569726943969727,41.489540100097656,1400.949951171875
2006-11-27,88.01232147216797,140.76251220703125,27.80817985534668,40.05034637451172,1396.7099609375
2006-12-04,91.01200866699219,148.43386840820312,28.26148223876953,42.33613967895508,1409.8399658203125
2006-12-11,90.21414184570312,144.6271514892578,29.1922550201416,43.75580978393555,1427.0899658203125
2006-12-18,92.49644470214844,143.36068725585938,28.9444522857666,43.762325286865234,1410.760009765625
2006-12-25,93.94992065429688,144.27252197265625,29.1922550201416,44.05394744873047,1418.300048828125
2007-01-01,96.94960021972656,144.0553741455078,29.088787078857422,44.68105697631836,1409.7099609375
2007-01-08,106.69096374511719,154.86769104003906,29.210508346557617,46.47742462158203,1430.72998046875
2007-01-15,104.94680786132812,152.44444274902344,29.679197311401367,46.73219680786133,1430.5
2007-01-22,104.63136291503906,154.77142333984375,30.25133514404297,45.771949768066406,1422.1800537109375
2007-01-29,104.57569122314453,154.72064208984375,31.000009536743164,46.869380950927734,1448.3900146484375
2007-02-05,107.42078399658203,154.61199951171875,30.68960952758789,44.64838790893555,1438.06005859375
2007-02-12,107.33416748046875,157.25071716308594,31.194786071777344,45.8372917175293,1455.5400390625
2007-02-19,107.8351821899414,156.94618225097656,31.06090545654297,45.216712951660156,1451.18994140625
2007-02-26,96.30020141601562,141.84605407714844,29.332229614257812,42.51232147216797,1387.1700439453125
2007-03-05,98.53018188476562,146.2173309326172,29.71570587158203,42.66909408569336,1402.8399658203125
2007-03-12,96.94623565673828,144.2600555419922,28.626161575317383,41.32344436645508,1386.949951171875
2007-03-19,99.61104583740234,153.6042938232422,29.533105850219727,43.139434814453125,1436.1099853515625
2007-03-26,97.09527587890625,149.79127502441406,29.447895050048828,42.43376541137695,1420.8599853515625
2007-04-02,97.21951293945312,150.7335968017578,29.895978927612305,43.81654739379883,1443.760009765625
2007-04-09,98.05809020996094,149.6969757080078,30.092145919799805,43.63960647583008,1452.8499755859375
2007-04-16,96.18214416503906,159.73838806152344,32.206993103027344,45.553226470947266,1484.3499755859375
2007-04-23,94.10125732421875,162.84613037109375,32.21312713623047,45.54667663574219,1494.0699462890625
2007-04-30,92.50482940673828,165.06787109375,32.26217269897461,45.743289947509766,1505.6199951171875
2007-05-07,92.61043548583984,165.18411254882812,31.967931747436523,44.8454475402832,1505.8499755859375
2007-05-14,92.05757141113281,167.2462158203125,32.206993103027344,44.81268310546875,1522.75
2007-05-21,90.05741882324219,163.7536163330078,31.655288696289062,44.2818603515625,1515.72998046875
2007-05-28,95.84675598144531,167.51480102539062,31.814678192138672,44.59642791748047,1536.3399658203125
2007-06-04,94.84599304199219,163.41236877441406,30.901309967041016,44.35394287109375,1507.6700439453125
2007-06-11,98.51457977294922,164.23284912109375,30.993249893188477,45.76948547363281,1532.9100341796875
2007-06-18,97.02345275878906,161.48097229003906,29.86534309387207,44.77335739135742,1502.56005859375
2007-06-25,97.6972427368164,157.37869262695312,29.699831008911133,44.971805572509766,1503.3499755859375
2007-07-02,103.34980010986328,162.38131713867188,30.252483367919922,45.925148010253906,1530.43994140625
2007-07-09,105.34632110595703,161.3212432861328,30.9196720123291,46.036922454833984,1552.5
2007-07-16,107.00589752197266,149.5296630859375,29.38141441345215,46.02377700805664,1534.0999755859375
2007-07-23,101.97722625732422,140.1314239501953,27.324228286743164,43.86065673828125,1458.949951171875
2007-07-30,94.20960235595703,130.6970977783203,26.96590232849121,43.57136535644531,1433.06005859375
2007-08-06,98.57694244384766,131.2936248779297,27.336578369140625,44.728519439697266,1453.6400146484375
2007-08-13,100.60465240478516,127.29296112060547,29.04165267944336,42.07887649536133,1445.93994140625
2007-08-20,98.98872375488281,130.73348999023438,28.386808395385742,42.27610778808594,1479.3699951171875
2007-08-27,97.20079040527344,128.0276336669922,27.503376007080078,40.343116760253906,1473.989990234375
2007-09-03,95.62774658203125,130.18797302246094,26.885602951049805,40.066978454589844,1453.550048828125
2007-09-10,99.14981079101562,138.63296508789062,28.133516311645508,42.63773727416992,1484.25
2007-09-17,106.5886459350586,152.737060546875,29.11577796936035,43.998741149902344,1525.75
2007-09-24,108.67554473876953,157.65414428710938,28.30648422241211,44.960262298583984,1526.75
2007-10-01,112.37938690185547,166.20831298828125,29.632545471191406,44.43915939331055,1557.5899658203125
2007-10-08,115.31233215332031,169.88882446289062,29.159223556518555,46.1607780456543,1561.800048828125
2007-10-15,117.01695251464844,158.34515380859375,28.03819465637207,48.89822006225586,1500.6300048828125
2007-10-22,124.3555679321289,171.8727264404297,29.47061538696289,52.0446662902832,1535.280029296875
2007-10-29,124.90079498291016,167.26841735839844,26.873577117919922,49.08953094482422,1509.6500244140625
2007-11-05,119.82460021972656,153.95838928222656,26.350418090820312,48.8652229309082,1453.699951171875
2007-11-12,120.47634887695312,164.09934997558594,26.836198806762695,49.768943786621094,1458.739990234375
2007-11-19,119.44854736328125,157.710205078125,26.12621307373047,51.292686462402344,1440.699951171875
2007-11-26,124.73493194580078,165.112060546875,28.411861419677734,52.69767379760742,1481.1400146484375
2007-12-03,134.03488159179688,158.73748779296875,28.698341369628906,52.559181213378906,1504.6600341796875
2007-12-10,131.3876190185547,153.47752380371094,28.150285720825195,51.22013854980469,1467.949951171875
2007-12-17,135.91497802734375,152.6980743408203,27.471445083618164,53.06707763671875,1484.4599609375
2007-12-24,137.9271240234375,154.40277099609375,26.942066192626953,53.377376556396484,1478.489990234375
2007-12-31,132.66407775878906,145.65318298339844,25.71482276916504,54.12491989135742,1411.6300048828125
2008-01-07,128.3127899169922,144.78622436523438,25.670846939086914,54.77317810058594,1401.02001953125
2008-01-14,126.70303344726562,136.3863983154297,24.872955322265625,49.00480270385742,1325.18994140625
2008-01-21,130.82168579101562,139.6624755859375,27.417415618896484,51.94192123413086,1330.6099853515625
2008-01-28,138.68170166015625,151.6385498046875,30.313709259033203,55.54715347290039,1395.4200439453125
2008-02-04,128.8410186767578,136.5243377685547,27.530513763427734,54.6011848449707,1331.2900390625
2008-02-11,123.10628509521484,130.20425415039062,27.17239761352539,55.514095306396484,1349.989990234375
2008-02-18,116.69259643554688,129.69329833984375,27.599605560302734,54.03230285644531,1353.1099853515625
2008-02-25,121.5154800415039,123.79652404785156,25.53890609741211,51.961761474609375,1330.6300048828125
2008-03-03,115.87664794921875,116.81965637207031,23.597583770751953,50.43367004394531,1293.3699951171875
2008-03-10,112.99181365966797,114.47692108154297,22.956743240356445,50.35426330566406,1288.1400146484375
2008-03-17,130.1056365966797,131.0946044921875,28.881275177001953,55.20975875854492,1329.510009765625
2008-03-24,125.87606811523438,120.01618194580078,26.83313751220703,52.16383361816406,1315.219970703125
2008-03-31,138.86769104003906,128.00750732421875,28.86332893371582,55.494136810302734,1370.4000244140625
2008-04-07,130.9894256591797,122.09609985351562,26.937856674194336,52.628211975097656,1332.8299560546875
2008-04-14,129.0009002685547,131.31353759765625,28.983671188354492,45.47005081176758,1390.3299560546875
2008-04-21,128.36331176757812,140.38246154785156,30.26943588256836,47.72563171386719,1397.8399658203125
2008-04-28,136.5130157470703,146.42910766601562,30.820493698120117,50.08074188232422,1413.9000244140625
2008-05-05,133.8301239013672,137.52365112304688,29.496715545654297,47.91138458251953,1388.280029296875
2008-05-12,136.6077880859375,136.82907104492188,29.47138023376465,48.256343841552734,1425.3499755859375
2008-05-19,131.626953125,126.22724914550781,26.804828643798828,46.29266357421875,1375.9300537109375
2008-05-26,142.03036499023438,128.9836883544922,27.23552703857422,47.778682708740234,1400.3800048828125
2008-06-02,134.78338623046875,123.88758087158203,25.39238739013672,45.125057220458984,1360.6800537109375
2008-06-09,133.21115112304688,130.35829162597656,25.069366455078125,46.34574508666992,1360.030029296875
2008-06-16,124.81619262695312,134.36514282226562,23.979942321777344,44.93932342529297,1317.9300537109375
2008-06-23,112.52464294433594,127.63108825683594,22.200117111206055,42.619327545166016,1278.3800048828125
2008-06-30,107.43692779541016,130.79701232910156,22.615285873413086,41.28104782104492,1262.9000244140625
2008-07-07,110.69355773925781,118.79873657226562,21.238250732421875,39.65645217895508,1239.489990234375
2008-07-14,138.12144470214844,133.6851043701172,25.631940841674805,46.48779296875,1260.6800537109375
2008-07-21,138.3115692138672,130.88296508789062,25.311691284179688,46.9871711730957,1257.760009765625
2008-07-28,138.957763671875,133.32981872558594,26.105897903442383,47.5531120300293,1260.31005859375
2008-08-04,141.02328491210938,128.89773559570312,26.30443000793457,47.699581146240234,1296.3199462890625
2008-08-11,137.2977752685547,119.54264068603516,24.38300132751465,46.108272552490234,1298.199951171875
2008-08-18,135.14358520507812,117.0738525390625,24.126806259155273,44.57688522338867,1292.199951171875
2008-08-25,138.15228271484375,120.12134552001953,24.65199851989746,45.05626678466797,1282.8299560546875
2008-09-01,134.52752685546875,119.58655548095703,25.36292839050293,45.18943405151367,1242.31005859375
2008-09-08,129.09048461914062,112.97138977050781,26.36847496032715,47.739524841308594,1251.699951171875
2008-09-15,133.5419464111328,95.08901977539062,30.13449478149414,40.24901580810547,1255.0799560546875
2008-09-22,127.8250503540039,101.08892059326172,30.89666748046875,40.28231430053711,1213.27001953125
2008-09-29,116.05426788330078,93.77039337158203,29.62476921081543,31.39159393310547,1099.22998046875
2008-10-06,101.11029052734375,65.05323791503906,26.875286102294922,28.878128051757812,899.219970703125
2008-10-13,94.5730972290039,83.73403930664062,25.384366989135742,27.247039794921875,940.5499877929688
2008-10-20,74.08397674560547,73.77557373046875,22.867219924926758,25.141345977783203,876.77001953125
2008-10-27,83.52095031738281,67.97050476074219,26.623579025268555,28.978408813476562,968.75
2008-11-03,79.8644027709961,57.15401840209961,24.36459732055664,28.72437858581543,930.989990234375
2008-11-10,70.02684020996094,49.03429412841797,22.24761962890625,25.996994018554688,873.2899780273438
2008-11-17,69.25102996826172,39.17306137084961,14.6639404296875,21.244138717651367,800.030029296875
2008-11-24,79.94072723388672,58.04315948486328,20.433998107910156,28.149494171142578,896.239990234375
2008-12-01,82.10356140136719,51.966217041015625,21.52475357055664,26.92617416381836,876.0700073242188
2008-12-08,76.88847351074219,49.776451110839844,19.969289779663086,24.894020080566406,879.72998046875
2008-12-15,87.28659057617188,59.32171630859375,19.569133758544922,26.972980499267578,887.8800048828125
2008-12-22,80.88137817382812,55.824031829833984,19.2335147857666,23.958145141601562,872.7999877929688
2008-12-29,89.02066040039062,63.75266647338867,20.48073959350586,27.659854888916016,931.7999877929688
2009-01-05,81.4572525024414,61.665809631347656,16.96602439880371,27.96943473815918,890.3499755859375
2009-01-12,74.9688491821289,53.678348541259766,14.908150672912598,24.463167190551758,850.1199951171875
2009-01-19,71.571044921875,55.04511642456055,15.861960411071777,13.05599308013916,831.9500122070312
2009-01-26,69.61940002441406,59.32171630859375,16.66550636291504,15.660466194152832,825.8800048828125
2009-02-02,78.37939453125,70.96122741699219,18.05049705505371,20.519445419311523,868.5999755859375
2009-02-09,71.41746520996094,70.87303161621094,16.129817962646484,18.170711517333984,826.8400268554688
2009-02-16,65.95284271240234,62.49745559692383,13.00053882598877,15.290312767028809,770.0499877929688
2009-02-23,61.94719314575195,67.2924575805664,14.927749633789062,17.00643539428711,735.0900268554688
2009-03-02,59.60789108276367,55.89234161376953,10.406962394714355,12.100354194641113,683.3800048828125
2009-03-09,69.67158508300781,72.9962158203125,15.515713691711426,15.2499361038208,756.5499877929688
2009-03-16,73.51641845703125,71.90274047851562,15.123734474182129,16.616106033325195,768.5399780273438
2009-03-23,82.24471282958984,79.8525390625,17.90023422241211,20.600202560424805,815.9400024414062
2009-03-30,89.02479553222656,88.2160415649414,19.1624755859375,22.337081909179688,842.5
2009-04-06,89.05058288574219,91.85848236083984,21.433439254760742,24.450971603393555,856.5599975585938
2009-04-13,87.68297576904297,89.10269165039062,21.767213821411133,22.963167190551758,869.5999755859375
2009-04-20,97.51443481445312,89.6198501586914,21.845748901367188,25.029918670654297,866.22998046875
2009-04-27,95.74681091308594,93.89025115966797,21.263282775878906,23.111276626586914,877.52001953125
2009-05-04,95.70164489746094,103.13296508789062,25.484514236450195,29.452899932861328,929.22998046875
2009-05-11,90.83756256103516,99.2984848022461,22.847057342529297,25.92529296875,882.8800048828125
2009-05-18,95.29524993896484,100.99829864501953,22.519832611083984,28.86048126220703,887.0
2009-05-25,102.89460754394531,107.08709716796875,24.149436950683594,31.270559310913086,919.1400146484375
2009-06-01,106.13304138183594,110.3758773803711,22.611454010009766,31.82261085510254,940.0900268554688
2009-06-08,114.44268035888672,107.87964630126953,22.991044998168945,32.01784133911133,946.2100219726562
2009-06-15,113.4056167602539,106.02042388916016,22.905969619750977,32.287109375,921.22998046875
2009-06-22,115.29827117919922,108.69446563720703,22.5460205078125,32.53620529174805,918.9000244140625
2009-06-29,108.66739654541016,106.2870864868164,21.150300979614258,31.12891960144043,896.4199829101562
2009-07-06,107.7016372680664,105.08708953857422,21.196184158325195,29.39838409423828,879.1300048828125
2009-07-13,116.53630828857422,116.17582702636719,24.178329467773438,32.394813537597656,940.3800048828125
2009-07-20,124.56719970703125,122.01273345947266,24.85340690612793,32.87962341308594,979.260009765625
2009-07-27,123.50424194335938,120.9609146118164,25.33186149597168,33.86943054199219,987.47998046875
2009-08-03,131.23052978515625,121.22012329101562,27.763463973999023,36.26655578613281,1010.47998046875
2009-08-10,128.1905975341797,120.53864288330078,27.822437286376953,34.34076690673828,1004.0900268554688
2009-08-17,134.497314453125,121.37818145751953,28.615497589111328,36.037601470947266,1026.1300048828125
2009-08-24,130.64071655273438,122.05364990234375,28.1304988861084,35.67400360107422,1028.9300537109375
2009-08-31,127.17900848388672,120.9772720336914,27.750350952148438,34.82558822631836,1016.4000244140625
2009-09-07,131.29136657714844,129.68478393554688,27.85521697998047,35.50567626953125,1042.72998046875
2009-09-14,134.8181610107422,135.979736328125,29.46099090576172,36.62343215942383,1068.300048828125
2009-09-21,132.57977294921875,133.24794006347656,28.60894203186035,34.62358474731445,1044.3800048828125
2009-09-28,134.64906311035156,133.32962036132812,27.468944549560547,34.28666305541992,1025.2099609375
2009-10-05,140.9087371826172,140.5228729248047,30.087223052978516,37.155670166015625,1071.489990234375
2009-10-12,146.76502990722656,136.8631134033203,30.225027084350586,35.64034652709961,1087.6800537109375
2009-10-19,150.44140625,133.88633728027344,29.680383682250977,30.777862548828125,1079.5999755859375
2009-10-26,140.8696746826172,126.32207489013672,27.409893035888672,28.27252769470215,1036.18994140625
2009-11-02,148.0403594970703,127.51722717285156,28.532005310058594,27.91558074951172,1069.300048828125
2009-11-09,151.67779541015625,131.2139892578125,28.151411056518555,27.24210548400879,1093.47998046875
2009-11-16,146.8366241455078,126.2032470703125,27.8626651763916,27.477819442749023,1091.3800048828125
2009-11-23,144.421142578125,121.8607406616211,27.12116241455078,27.073728561401367,1091.489990234375
2009-11-30,145.92294311523438,124.41228485107422,27.390209197998047,28.070476531982422,1105.97998046875
2009-12-07,147.56825256347656,123.48986053466797,26.87835693359375,26.534971237182617,1106.4100341796875
2009-12-14,155.92584228515625,121.3994369506836,26.871814727783203,28.016618728637695,1102.469970703125
2009-12-21,156.47422790527344,121.97965240478516,27.488636016845703,30.2996883392334,1126.47998046875
2009-12-28,151.60992431640625,125.60258483886719,27.34427261352539,29.32982635498047,1115.0999755859375
2010-01-04,155.99758911132812,129.67173767089844,29.354677200317383,30.656869888305664,1144.97998046875
2010-01-11,155.45562744140625,122.90216827392578,28.69768524169922,28.74376106262207,1136.030029296875
2010-01-18,146.9088134765625,114.65215301513672,25.72804832458496,29.208568572998047,1091.760009765625
2010-01-25,139.60906982421875,110.6350326538086,25.58350372314453,28.885225296020508,1073.8699951171875
2010-02-01,136.3249053955078,114.6818618774414,25.16303253173828,29.20184326171875,1066.18994140625
2010-02-08,135.26063537597656,114.51077270507812,25.5900821685791,30.057340621948242,1075.510009765625
2010-02-15,140.71253967285156,116.1845703125,26.29964256286621,31.418062210083008,1109.1700439453125
2010-02-22,142.8607177734375,116.57183074951172,27.5742130279541,30.25267791748047,1104.489990234375
2010-03-01,144.20053100585938,124.64652252197266,28.126096725463867,30.74444580078125,1138.699951171875
2010-03-08,137.75244140625,130.44715881347656,28.3494815826416,30.07753562927246,1149.989990234375
2010-03-15,147.16555786132812,132.63919067382812,28.546581268310547,30.953264236450195,1159.9000244140625
2010-03-22,143.83323669433594,128.88888549804688,29.578062057495117,31.094728469848633,1166.5899658203125
2010-03-29,138.4412384033203,126.9130859375,29.71639060974121,30.97342872619629,1178.0999755859375
2010-04-05,135.20074462890625,133.54885864257812,30.24258041381836,31.640460968017578,1194.3699951171875
2010-04-12,131.68478393554688,119.81515502929688,29.959747314453125,31.330533981323242,1192.1300048828125
2010-04-19,138.42147827148438,117.35476684570312,29.558534622192383,29.96950340270996,1217.280029296875
2010-04-26,120.69735717773438,108.25861358642578,28.00627326965332,29.3092098236084,1186.68994140625
2010-05-03,112.90449523925781,106.61088562011719,26.8092098236084,27.853843688964844,1110.8800048828125
2010-05-10,111.33020782470703,106.78978729248047,26.23697853088379,28.04924774169922,1135.6800537109375
2010-05-17,109.19831085205078,104.84381866455078,26.342208862304688,26.71518325805664,1087.68994140625
2010-05-24,110.12322235107422,107.8267822265625,26.033063888549805,25.717988967895508,1089.4100341796875
2010-05-31,105.25846862792969,106.32435607910156,24.743921279907227,24.57931137084961,1064.8800048828125
2010-06-07,105.02752685546875,101.38377380371094,25.05306053161621,25.387832641601562,1091.5999755859375
2010-06-14,104.78333282470703,103.28229522705078,25.76999282836914,25.064428329467773,1117.510009765625
2010-06-21,100.53970336914062,104.38847351074219,25.941003799438477,24.141357421875,1076.760009765625
2010-06-28,94.23700714111328,97.9753646850586,23.59881019592285,22.11281967163086,1022.5800170898438
2010-07-05,102.27544403076172,103.19255065917969,25.587881088256836,25.078266143798828,1077.9599609375
2010-07-12,98.4278564453125,109.25440216064453,25.68667221069336,24.87608528137207,1064.8800048828125
2010-07-19,101.95866394042969,110.15876007080078,26.23334312438965,26.817092895507812,1102.6600341796875
2010-07-26,103.93856811523438,112.73001861572266,26.529726028442383,26.23074722290039,1101.5999755859375
2010-08-02,103.72078704833984,115.98889923095703,26.635107040405273,26.33858299255371,1121.6400146484375
2010-08-09,100.03816223144531,110.68205261230469,24.6987247467041,25.125444412231445,1079.25
2010-08-16,95.95953369140625,110.8016357421875,24.46160888671875,24.862598419189453,1071.68994140625
2010-08-23,93.15467834472656,104.45574951171875,24.10595703125,24.16167449951172,1064.5899658203125
2010-08-30,100.72685241699219,110.36795043945312,25.798635482788086,25.556787490844727,1104.510009765625
2010-09-06,100.4676284790039,112.69085693359375,26.187232971191406,25.56351661682129,1109.550048828125
2010-09-13,109.69954681396484,113.13294219970703,26.38483428955078,25.752235412597656,1125.5899658203125
2010-09-20,111.14849853515625,110.3604736328125,26.18064308166504,25.826366424560547,1148.6700439453125
2010-09-27,113.88016510009766,110.67518615722656,25.561532974243164,25.759016036987305,1146.239990234375
2010-10-04,115.98046112060547,114.39183044433594,25.92426300048828,26.28484535217285,1165.1500244140625
2010-10-11,116.80460357666016,112.9156494140625,24.499771118164062,26.999441146850586,1176.18994140625
2010-10-18,111.36784362792969,118.21337127685547,24.862491607666016,27.235383987426758,1183.0799560546875
2010-10-25,113.6475601196289,120.73857879638672,24.81632423400879,28.1522216796875,1183.260009765625
2010-11-01,115.08318328857422,128.1869354248047,26.999217987060547,30.653297424316406,1225.8499755859375
2010-11-08,115.03003692626953,124.26038360595703,26.12209129333496,29.588153839111328,1199.2099609375
2010-11-15,112.31161499023438,124.88981628417969,25.99019432067871,29.284786224365234,1199.72998046875
2010-11-22,109.40047454833984,118.55805969238281,24.73058319091797,29.554445266723633,1189.4000244140625
2010-11-29,115.25856018066406,121.89061737060547,26.12209129333496,30.815082550048828,1224.7099609375
2010-12-06,122.41413879394531,126.51665496826172,27.322355270385742,30.963394165039062,1240.4000244140625
2010-12-13,125.18946075439453,123.18975067138672,26.161672592163086,30.653297424316406,1243.9100341796875
2010-12-20,126.17251586914062,125.86326599121094,27.751026153564453,31.83305549621582,1256.77001953125
2010-12-27,127.44976806640625,126.2837905883789,27.975231170654297,31.246498107910156,1257.6400146484375
2011-01-03,125.96526336669922,128.1837615966797,28.812870025634766,31.43529510498047,1271.5
2011-01-10,133.12081909179688,131.42047119140625,29.6513729095459,33.707637786865234,1293.239990234375
2011-01-17,129.1150360107422,124.8119125366211,29.90226173400879,32.53438949584961,1283.3499755859375
2011-01-24,129.92428588867188,121.485107421875,29.407089233398438,31.2936954498291,1276.3399658203125
2011-01-31,129.97100830078125,123.7830810546875,29.440088272094727,31.266740798950195,1310.8699951171875
2011-02-07,136.0365447998047,125.15734100341797,30.747364044189453,31.67804527282715,1329.1500244140625
2011-02-14,138.20997619628906,126.19364929199219,31.6915225982666,31.098163604736328,1343.010009765625
2011-02-21,136.37091064453125,124.00082397460938,30.81999397277832,30.208087921142578,1319.8800048828125
2011-02-28,135.9534149169922,121.1636734008789,30.054122924804688,29.54056167602539,1321.1500244140625
2011-03-07,127.93326568603516,120.9228286743164,30.199373245239258,29.223630905151367,1304.280029296875
2011-03-14,124.27665710449219,120.38103485107422,30.199373245239258,29.91815185546875,1279.2099609375
2011-03-21,126.76144409179688,118.8833999633789,30.27860450744629,29.695629119873047,1313.800048828125
2011-03-28,136.3170623779297,120.58419036865234,30.602113723754883,30.78557014465332,1332.4100341796875
2011-04-04,132.05441284179688,121.13361358642578,31.093341827392578,31.18501091003418,1328.1700439453125
2011-04-11,130.12852478027344,116.7460708618164,29.79890251159668,30.744916915893555,1319.6800537109375
2011-04-18,133.92649841308594,115.52696990966797,29.65949058532715,31.361042022705078,1337.3800048828125
2011-04-25,131.9466552734375,113.64549255371094,30.290117263793945,31.51675033569336,1363.6099853515625
2011-05-02,131.81199645996094,112.960693359375,29.898468017578125,31.51675033569336,1340.199951171875
2011-05-09,130.80189514160156,106.45849609375,28.643856048583984,30.8397274017334,1337.77001953125
2011-05-16,133.00392150878906,101.58935546875,28.630578994750977,31.713109970092773,1333.27001953125
2011-05-23,135.1319122314453,104.6199951171875,28.404876708984375,30.595989227294922,1331.0999755859375
2011-05-30,131.29568481445312,102.10749816894531,27.59501075744629,29.45176887512207,1300.1600341796875
2011-06-06,125.99987030029297,102.55268859863281,27.24981689453125,28.916872024536133,1270.97998046875
2011-06-13,127.03056335449219,103.5410385131836,27.0838680267334,29.390830993652344,1271.5
2011-06-20,125.03024291992188,98.7725601196289,26.214265823364258,29.323116302490234,1268.449951171875
2011-06-27,133.1875457763672,103.10347747802734,27.771242141723633,31.23830223083496,1339.6700439453125
2011-07-04,132.52976989746094,101.16436767578125,27.210206985473633,31.503442764282227,1343.800048828125
2011-07-11,125.13197326660156,98.2066879272461,26.702594757080078,29.797060012817383,1316.1400146484375
2011-07-18,127.42390441894531,102.22821807861328,28.17865753173828,28.974454879760742,1345.02001953125
2011-07-25,121.00927734375,101.83589172363281,27.01651954650879,28.192649841308594,1292.280029296875
2011-08-01,109.5633773803711,94.44922637939453,25.11298370361328,26.336715698242188,1199.3800048828125
2011-08-08,109.21756744384766,87.87750244140625,23.984241485595703,23.576597213745117,1178.81005859375
2011-08-15,102.61309814453125,84.32373809814453,22.942325592041016,21.693456649780273,1123.530029296875
2011-08-22,109.16331481933594,84.31620025634766,24.184616088867188,23.14150047302246,1176.800048828125
2011-08-29,106.68524169921875,81.02188110351562,23.129335403442383,22.658815383911133,1173.969970703125
2011-09-05,103.2872314453125,77.38174438476562,21.42619514465332,21.78862190246582,1154.22998046875
2011-09-12,109.99437713623047,81.34729766845703,22.327857971191406,23.406635284423828,1216.010009765625
2011-09-19,100.935302734375,72.03124237060547,19.763132095336914,21.034013748168945,1136.4300537109375
2011-09-26,101.195068359375,71.55447387695312,20.117111206054688,21.98624038696289,1131.4200439453125
2011-10-03,101.0378189086914,70.14680480957031,20.68499755859375,21.596555709838867,1155.4599609375
2011-10-10,106.5963363647461,73.20426177978516,21.486787796020508,23.175796508789062,1224.5799560546875
2011-10-17,105.50928497314453,77.26066589355469,22.51767349243164,26.51202392578125,1238.25
2011-10-24,116.07939147949219,87.6816177368164,24.72092056274414,28.7202205657959,1285.0899658203125
2011-10-31,107.7518310546875,79.4931640625,22.888242721557617,27.339229583740234,1253.22998046875
2011-11-07,112.35313415527344,76.93524169921875,22.423337936401367,28.193803787231445,1263.8499755859375
2011-11-14,108.88677978515625,69.55652618408203,20.631086349487305,26.320587158203125,1215.6500244140625
2011-11-21,103.42396545410156,67.16505432128906,19.1892032623291,24.77553939819336,1158.6700439453125
2011-11-28,116.4906997680664,73.88264465332031,21.783252716064453,27.332393646240234,1244.280029296875
2011-12-05,119.01327514648438,77.07345581054688,22.355968475341797,27.981863021850586,1255.18994140625
2011-12-12,117.39363098144531,68.45064544677734,21.486787796020508,27.373411178588867,1219.6600341796875
2011-12-19,122.96247863769531,71.25401306152344,22.61874008178711,28.296344757080078,1265.3299560546875
2011-12-26,122.84526824951172,68.70133209228516,22.40312385559082,27.681638717651367,1257.5999755859375
2012-01-02,123.45867156982422,70.97291564941406,23.996307373046875,28.677385330200195,1277.81005859375
2012-01-09,128.58645629882812,75.1817398071289,24.376331329345703,29.487707138061523,1289.0899658203125
2012-01-16,126.00191497802734,82.61177062988281,25.35355567932129,28.498838424682617,1315.3800048828125
2012-01-23,129.22055053710938,84.91371154785156,25.25175666809082,26.82324981689453,1316.3299560546875
2012-01-30,130.01315307617188,89.28974914550781,25.97789192199707,29.2336368560791,1344.9000244140625
2012-02-06,130.950439453125,86.69905090332031,25.523216247558594,27.9220027923584,1342.6400146484375
2012-02-13,135.21670532226562,88.0589828491211,26.106836318969727,27.640451431274414,1361.22998046875
2012-02-20,135.0857391357422,88.02857971191406,25.97789192199707,27.832712173461914,1365.739990234375
2012-02-27,136.63645935058594,91.41111755371094,27.572673797607422,28.828472137451172,1369.6300048828125
2012-03-05,136.74755859375,89.37654113769531,27.844118118286133,28.91086769104004,1370.8699951171875
2012-03-12,142.78250122070312,93.67428588867188,30.246475219726562,31.424264907836914,1404.1700439453125
2012-03-19,139.66433715820312,96.15082550048828,30.646862030029297,31.334991455078125,1397.1099853515625
2012-03-26,142.2963104248047,94.77156066894531,31.203340530395508,31.411508560180664,1408.469970703125
2012-04-02,143.04635620117188,89.91754913330078,30.2873477935791,30.762569427490234,1398.0799560546875
2012-04-09,137.37257385253906,87.70008087158203,29.515478134155273,29.81675910949707,1370.260009765625
2012-04-16,132.22657775878906,85.6808090209961,29.180768966674805,31.1491641998291,1378.530029296875
2012-04-23,133.6849365234375,87.18193054199219,29.604286193847656,31.977615356445312,1403.3599853515625
2012-04-30,127.20553588867188,83.05181884765625,28.518207550048828,31.197505950927734,1369.0999755859375
2012-05-07,124.8443603515625,77.82437896728516,25.246295928955078,30.0791072845459,1353.3900146484375
2012-05-14,119.38587951660156,72.7646484375,22.876035690307617,28.37390899658203,1295.219970703125
2012-05-21,119.00396728515625,73.6866455078125,22.88286781311035,28.843355178833008,1317.8199462890625
2012-05-28,115.67742156982422,70.93031311035156,21.81044578552246,27.531679153442383,1278.0400390625
2012-06-04,121.88280487060547,72.38506317138672,23.005813598632812,29.105682373046875,1325.6600341796875
2012-06-11,123.85916900634766,73.24259185791016,23.927963256835938,30.27240753173828,1342.8399658203125
2012-06-18,120.54425811767578,71.68830871582031,24.583707809448242,30.313838958740234,1335.02001953125
2012-06-25,119.0163803100586,73.39573669433594,24.40611457824707,30.990816116333008,1362.1600341796875
2012-07-02,120.03962707519531,73.09712982177734,23.349166870117188,30.574262619018555,1354.6800537109375
2012-07-09,123.19338989257812,74.59779357910156,24.843788146972656,30.62286949157715,1356.780029296875
2012-07-16,121.46229553222656,72.09410095214844,23.349166870117188,27.825075149536133,1362.6600341796875
2012-07-23,119.61216735839844,77.82122039794922,25.40857696533203,28.026409149169922,1385.969970703125
2012-07-30,121.37823486328125,77.31587219238281,24.85756492614746,28.255508422851562,1390.989990234375
2012-08-06,122.23329162597656,78.87784576416016,25.46368408203125,29.05388641357422,1405.8699951171875
2012-08-13,125.30293273925781,79.3218765258789,25.47056770324707,29.09553337097168,1418.1600341796875
2012-08-20,124.93853759765625,80.3631591796875,25.601428985595703,28.769243240356445,1411.1300048828125
2012-08-27,124.6624755859375,81.30086517333984,25.580774307250977,28.88032341003418,1406.5799560546875
2012-09-03,128.65602111816406,89.4601821899414,27.068513870239258,29.852256774902344,1437.9200439453125
2012-09-10,129.3486785888672,93.3283462524414,28.63201141357422,30.4909610748291,1465.77001953125
2012-09-17,129.3486785888672,89.76009368896484,28.156747817993164,30.34516716003418,1460.1500244140625
2012-09-24,126.02665710449219,87.4222640991211,27.881250381469727,29.298837661743164,1440.6700439453125
2012-10-01,132.45159912109375,91.75183868408203,28.940601348876953,29.319780349731445,1460.9300537109375
2012-10-08,130.2746124267578,92.43626403808594,28.878158569335938,28.89385223388672,1428.5899658203125
2012-10-15,133.54721069335938,95.06633758544922,29.363859176635742,31.18411636352539,1433.18994140625
2012-10-22,132.1689453125,91.85184478759766,28.55899429321289,30.988615036010742,1411.93994140625
2012-10-29,133.95721435546875,94.78179931640625,29.433238983154297,31.226024627685547,1414.199951171875
2012-11-05,132.05581665039062,89.32173919677734,28.184301376342773,30.939741134643555,1379.8499755859375
2012-11-12,132.1689453125,89.08332824707031,27.428003311157227,30.869922637939453,1359.8800048828125
2012-11-19,138.21226501464844,92.52085876464844,28.510414123535156,31.966167449951172,1409.1500244140625
2012-11-26,140.33872985839844,90.96705627441406,28.50348472595215,31.030502319335938,1416.1800537109375
2012-12-03,138.71490478515625,90.0248794555664,29.530385971069336,31.526269912719727,1418.0699462890625
2012-12-10,143.53663635253906,92.17952728271484,29.70384979248047,31.735755920410156,1413.5799560546875
2012-12-17,147.25453186035156,99.19184112548828,30.5295352935791,32.40607833862305,1430.1500244140625
2012-12-24,145.65916442871094,96.93679809570312,30.0021915435791,32.32217025756836,1402.4300537109375
2012-12-31,155.2885284423828,103.87958526611328,31.689373016357422,34.66648864746094,1466.469970703125
2013-01-07,157.4110107421875,105.90298461914062,32.23430252075195,35.501766204833984,1472.050048828125
2013-01-14,166.6131134033203,111.55608367919922,32.457862854003906,37.45301055908203,1485.97998046875
2013-01-21,168.38656616210938,111.56378173828125,32.946895599365234,39.62186813354492,1502.9599609375
2013-01-28,168.72128295898438,115.7650146484375,33.42894744873047,39.55869674682617,1513.1700439453125
2013-02-04,169.62583923339844,117.07789611816406,33.97386932373047,39.692054748535156,1517.9300537109375
2013-02-11,173.03746032714844,119.69591522216797,34.14851760864258,40.176361083984375,1519.7900390625
2013-02-18,171.55596923828125,119.00088500976562,34.16948318481445,40.14126968383789,1515.5999755859375
2013-02-25,168.6785430908203,116.64656066894531,34.16948318481445,39.523597717285156,1518.199951171875
2013-03-04,178.06643676757812,118.54507446289062,35.070701599121094,41.55207824707031,1551.1800537109375
2013-03-11,184.141357421875,119.98641967773438,34.94495391845703,42.13463592529297,1560.699951171875
2013-03-18,181.55221557617188,113.60118865966797,34.07866668701172,41.952152252197266,1556.8900146484375
2013-03-25,184.24179077148438,114.02740478515625,33.1564826965332,41.656089782714844,1569.18994140625
2013-04-01,176.2876739501953,111.3462142944336,33.68012619018555,40.58456039428711,1553.280029296875
2013-04-08,188.7244873046875,115.5539321899414,34.453426361083984,42.12136459350586,1588.8499755859375
2013-04-15,179.42201232910156,107.4948959350586,33.20210647583008,40.13338088989258,1555.25
2013-04-22,189.18345642089844,111.67166137695312,34.36203384399414,40.788997650146484,1582.239990234375
2013-04-29,194.61294555664062,112.64804077148438,33.441123962402344,41.909873962402344,1614.4200439453125
2013-05-06,198.435791015625,115.53844451904297,34.41827392578125,42.5302619934082,1633.699951171875
2013-05-13,208.6777801513672,122.5745620727539,36.76625442504883,45.93520736694336,1667.469970703125
2013-05-20,203.2268524169922,122.99307250976562,37.722328186035156,45.462867736816406,1649.5999755859375
2013-05-27,200.2503662109375,125.99362182617188,38.376094818115234,46.65425109863281,1630.739990234375
2013-06-03,202.26194763183594,129.04869079589844,38.151145935058594,47.542510986328125,1643.3800048828125
2013-06-10,194.68328857421875,126.64659881591797,37.3497314453125,46.56966781616211,1626.72998046875
2013-06-17,179.48280334472656,119.90697479248047,36.527244567871094,45.78715896606445,1592.4300537109375
2013-06-24,185.38685607910156,117.5748519897461,37.1107177734375,46.15509796142578,1606.280029296875
2013-07-01,185.6828155517578,119.121826171875,38.231082916259766,47.95998001098633,1631.8900146484375
2013-07-08,194.6904754638672,124.4622573852539,38.92503356933594,48.802223205566406,1680.18994140625
2013-07-15,202.6155548095703,127.76600646972656,39.767677307128906,49.03580856323242,1692.0899658203125
2013-07-22,206.70079040527344,128.46566772460938,39.68978500366211,48.802223205566406,1691.6500244140625
2013-07-29,206.87399291992188,130.30018615722656,40.00136947631836,49.9488639831543,1709.6700439453125
2013-08-05,202.5072479248047,126.03250885009766,38.60637283325195,49.06411361694336,1691.4200439453125
2013-08-12,194.98638916015625,124.88980102539062,37.73540115356445,48.023681640625,1655.8299560546875
2013-08-19,194.01197814941406,123.3272933959961,37.04853439331055,49.311851501464844,1663.5
2013-08-26,189.11607360839844,118.6461181640625,35.78099822998047,47.22386932373047,1632.969970703125
2013-09-02,189.77711486816406,122.17904663085938,37.218482971191406,47.867958068847656,1655.1700439453125
2013-09-09,192.24710083007812,127.90350341796875,37.23970413208008,48.16523361206055,1687.989990234375
2013-09-16,202.17803955078125,132.3878936767578,37.38842010498047,47.8750114440918,1709.9100341796875
2013-09-23,196.83847045898438,124.66691589355469,36.991886138916016,47.045536041259766,1691.75
2013-09-30,197.60855102539062,122.09326171875,37.57113265991211,47.194759368896484,1690.5
2013-10-07,203.7689971923828,124.78388214111328,37.45700454711914,47.7631950378418,1703.199951171875
2013-10-14,219.1485137939453,123.76226806640625,38.73387145996094,49.575096130371094,1744.5
2013-10-21,223.470947265625,126.41390228271484,37.64247131347656,48.843238830566406,1759.77001953125
2013-10-28,220.59422302246094,126.3827133178711,37.45700454711914,49.98723220825195,1761.6400146484375
2013-11-04,219.09767150878906,127.25621795654297,38.49132537841797,51.060142517089844,1770.6099853515625
2013-11-11,220.26007080078125,128.21548461914062,39.140472412109375,50.19328308105469,1798.1800537109375
2013-11-18,220.67422485351562,131.10110473632812,40.98799514770508,51.65700912475586,1804.760009765625
2013-11-25,221.14828491210938,132.1888427734375,40.81679153442383,51.59306335449219,1805.81005859375
2013-12-02,220.4761962890625,130.83522033691406,39.989322662353516,50.61250686645508,1805.0899658203125
2013-12-09,217.5324249267578,131.758544921875,40.06779479980469,49.54667663574219,1775.3199462890625
2013-12-16,229.6142578125,137.05577087402344,41.1591682434082,50.839881896972656,1818.3199462890625
2013-12-23,231.1044921875,137.98692321777344,41.473060607910156,51.84174346923828,1841.4000244140625
2013-12-30,229.49014282226562,139.3953399658203,42.117671966552734,53.2679328918457,1831.3699951171875
2014-01-06,230.0525360107422,139.58309936523438,41.99561309814453,53.39628982543945,1842.3699951171875
2014-01-13,231.35281372070312,137.93214416503906,41.7227668762207,52.412227630615234,1838.699951171875
2014-01-20,221.4112091064453,131.17173767089844,39.55440902709961,49.57411575317383,1790.2900390625
2014-01-27,219.4827117919922,128.41741943359375,39.748287200927734,47.7414665222168,1782.5899658203125
2014-02-03,219.04441833496094,126.70384979248047,40.6529426574707,48.65422058105469,1797.02001953125
2014-02-10,221.3527374267578,128.10443115234375,41.751495361328125,49.06782531738281,1838.6300048828125
2014-02-17,218.40899658203125,128.71473693847656,41.3637809753418,48.86103057861328,1836.25
2014-02-24,222.6748809814453,130.68026733398438,40.79655838012695,46.82871627807617,1859.449951171875
2014-03-03,228.45639038085938,136.81179809570312,42.64897537231445,48.59006881713867,1878.0400390625
2014-03-10,217.37127685546875,129.81654357910156,40.782196044921875,46.15842056274414,1841.1300048828125
2014-03-17,221.89199829101562,131.07275390625,43.20185470581055,49.06782531738281,1866.52001953125
2014-03-24,228.5298309326172,127.42201232910156,43.10850524902344,49.383644104003906,1857.6199951171875
2014-03-31,227.0817108154297,128.16004943847656,43.21402359008789,48.853946685791016,1865.0899658203125
2014-04-07,215.90113830566406,119.90071868896484,39.95545196533203,45.639976501464844,1815.68994140625
2014-04-14,226.68484497070312,123.60639953613281,39.89765930175781,46.90695571899414,1864.8499755859375
2014-04-21,220.8556365966797,124.23454284667969,40.24446487426758,45.661434173583984,1863.4000244140625
2014-04-28,219.78968811035156,124.73699188232422,40.157752990722656,46.78526306152344,1881.1400146484375
2014-05-05,222.24496459960938,123.41802215576172,39.023399353027344,46.427371978759766,1878.47998046875
2014-05-12,218.70913696289062,122.81346130371094,38.51763916015625,45.231971740722656,1877.8599853515625
2014-05-19,221.03201293945312,125.74187469482422,39.399112701416016,46.162506103515625,1900.530029296875
2014-05-26,224.1266632080078,125.89513397216797,40.150543212890625,46.72083282470703,1923.5699462890625
2014-06-02,232.22885131835938,130.92115783691406,41.16206741333008,47.959197998046875,1949.43994140625
2014-06-09,228.8928985595703,130.68479919433594,41.2126350402832,47.42948532104492,1936.1600341796875
2014-06-16,235.2541046142578,133.796630859375,41.58112716674805,48.53185272216797,1962.8699951171875
2014-06-23,234.5441131591797,131.3859405517578,41.56666564941406,48.0433349609375,1960.9599609375
2014-06-30,239.3592987060547,133.49722290039062,41.50801467895508,49.49570846557617,1985.43994140625
2014-07-07,235.07666015625,129.82615661621094,40.598548889160156,48.6113395690918,1967.5699462890625
2014-07-14,237.33265686035156,135.08071899414062,42.366554260253906,50.257850646972656,1978.219970703125
2014-07-21,232.93162536621094,138.1766815185547,42.93406295776367,51.372283935546875,1978.3399658203125
2014-07-28,224.45484924316406,134.11959838867188,41.09330368041992,50.30097579956055,1925.1500244140625
2014-08-04,227.67250061035156,135.70297241210938,40.99143981933594,50.588592529296875,1931.5899658203125
2014-08-11,233.07943725585938,135.41940307617188,41.28973388671875,50.06371307373047,1955.06005859375
2014-08-18,241.1345977783203,138.23179626464844,42.55570983886719,50.99123764038086,1988.4000244140625
2014-08-25,245.9082489013672,141.53683471679688,43.254207611083984,51.78929901123047,2003.3699951171875
2014-09-01,247.55227661132812,142.0426483154297,43.588871002197266,52.242279052734375,2007.7099609375
2014-09-08,244.822021484375,144.7451934814453,43.67617416381836,53.26324462890625,1985.5400390625
2014-09-15,246.81594848632812,147.1395263671875,44.46196365356445,53.809688568115234,2010.4000244140625
2014-09-22,249.28587341308594,146.28611755371094,44.06179428100586,53.428627014160156,1982.8499755859375
2014-09-29,243.34144592285156,148.6173095703125,44.16822052001953,53.12543487548828,1967.9000244140625
2014-10-06,229.79360961914062,142.54049682617188,42.864418029785156,49.11880111694336,1906.1300048828125
2014-10-13,234.86009216308594,139.79833984375,41.165077209472656,48.6423454284668,1886.760009765625
2014-10-20,241.69723510742188,144.887451171875,43.02555847167969,51.890933990478516,1964.5799560546875
2014-10-27,253.77952575683594,150.13450622558594,44.30006790161133,54.47539520263672,2018.050048828125
2014-11-03,261.4945983886719,150.7034912109375,45.02520751953125,56.171875,2031.9200439453125
2014-11-10,258.6897888183594,150.12661743164062,44.153564453125,54.91575241088867,2039.8199462890625
2014-11-17,264.7905578613281,149.8184356689453,44.278079986572266,55.27670669555664,2063.5
2014-11-24,267.1488037109375,149.361328125,44.065670013427734,55.39220428466797,2067.56005859375
2014-12-01,272.57196044921875,154.9423065185547,45.9261589050293,57.23309326171875,2075.3701171875
2014-12-08,254.98641967773438,149.68637084960938,43.9777717590332,54.316566467285156,2002.3299560546875
2014-12-15,269.3928527832031,153.22206115722656,45.36214828491211,57.55796432495117,2070.64990234375
2014-12-22,271.9959411621094,154.9423065185547,45.8162727355957,57.6806640625,2088.77001953125
2014-12-29,266.834716796875,154.11785888671875,46.06678771972656,56.77487564086914,2058.199951171875
2015-01-05,261.2247619628906,148.5210723876953,43.744651794433594,55.093692779541016,2044.81005859375
2015-01-12,260.3570556640625,140.49847412109375,41.23085403442383,53.376346588134766,2019.4200439453125
2015-01-19,265.6304931640625,143.0828399658203,41.78373336791992,52.463294982910156,2051.820068359375
2015-01-26,254.70208740234375,136.6773681640625,40.08820724487305,51.81837844848633,1994.989990234375
2015-02-02,271.0983581542969,145.4134979248047,42.67572021484375,55.158931732177734,2055.469970703125
2015-02-09,281.27862548828125,149.82908630371094,43.98790740966797,55.74587631225586,2096.989990234375
2015-02-16,281.7274475097656,151.81884765625,44.0837516784668,56.253116607666016,2110.300048828125
2015-02-23,277.8229064941406,150.9276885986328,45.17479705810547,53.94877624511719,2104.5
2015-03-02,274.9765930175781,148.6373748779297,44.887271881103516,52.76039505004883,2071.260009765625
2015-03-09,276.6843566894531,150.56983947753906,44.968379974365234,53.19517135620117,2053.39990234375
2015-03-16,284.88555908203125,153.58375549316406,45.521263122558594,55.245872497558594,2108.10009765625
2015-03-23,272.0873107910156,149.5519256591797,43.89946365356445,53.23866653442383,2061.02001953125
2015-03-30,275.67620849609375,152.32725524902344,44.911075592041016,53.82073211669922,2066.9599609375
2015-04-06,277.9710388183594,155.5797882080078,45.78673553466797,55.552425384521484,2102.06005859375
2015-04-13,274.9239196777344,156.93966674804688,46.63270568847656,55.064918518066406,2081.179931640625
2015-04-20,280.62701416015625,157.4485626220703,46.45460891723633,55.55970764160156,2117.68994140625
2015-04-27,277.36151123046875,157.0828094482422,47.204124450683594,56.49830627441406,2108.2900390625
2015-05-04,278.41497802734375,159.44456481933594,48.599239349365234,57.29866027832031,2116.10009765625
2015-05-11,279.0243835449219,161.40882873535156,48.88864517211914,56.64383316040039,2122.72998046875
2015-05-18,276.9403381347656,165.24986267089844,49.32647705078125,57.204097747802734,2126.06005859375
2015-05-25,275.2096862792969,164.48094177246094,48.81443405151367,56.70206069946289,2107.389892578125
2015-06-01,268.9783935546875,167.87918090820312,50.03145980834961,57.13132095336914,2092.830078125
2015-06-08,267.54766845703125,169.96121215820312,50.64740753173828,58.67383575439453,2094.110107421875
2015-06-15,271.9080505371094,170.06491088867188,50.521244049072266,57.44419860839844,2109.989990234375
2015-06-22,268.3350830078125,170.04901123046875,51.16685485839844,57.466007232666016,2101.489990234375
2015-06-29,261.46893310546875,166.88201904296875,50.433143615722656,56.27490234375,2076.780029296875
2015-07-06,256.9723205566406,165.2786407470703,50.082096099853516,55.514923095703125,2076.6201171875
2015-07-13,268.387939453125,169.48257446289062,51.69548034667969,58.00677490234375,2126.639892578125
2015-07-20,258.44854736328125,165.40626525878906,51.47140884399414,55.08378219604492,2079.64990234375
2015-07-27,254.59536743164062,163.58746337890625,51.187564849853516,55.946075439453125,2103.840087890625
2015-08-03,251.21156311035156,162.28721618652344,50.829044342041016,57.37105178833008,2077.570068359375
2015-08-10,248.40306091308594,161.15452575683594,50.709529876708984,57.34178924560547,2091.5400390625
2015-08-17,232.6044921875,149.7631072998047,47.505157470703125,53.9876594543457,1970.8900146484375
2015-08-24,235.6021270751953,150.28729248046875,47.90105438232422,53.42499542236328,1988.8699951171875
2015-08-31,224.31182861328125,144.38790893554688,45.93661117553711,51.17428207397461,1921.219970703125
2015-09-07,231.22633361816406,148.3021697998047,46.72834777832031,52.26309585571289,1961.050048828125
2015-09-14,235.4648895263672,144.836181640625,45.51831817626953,50.4216194152832,1958.030029296875
2015-09-21,230.97479248046875,143.94766235351562,45.914188385009766,50.23162078857422,1931.3399658203125
2015-09-28,231.26437377929688,141.69029235839844,45.74895095825195,49.300296783447266,1951.3599853515625
2015-10-05,242.5089569091797,143.43531799316406,46.591556549072266,50.512237548828125,2014.8900146484375
2015-10-12,252.20602416992188,148.23008728027344,46.96772003173828,50.321250915527344,2033.1099853515625
2015-10-19,259.798828125,148.48631286621094,48.05106735229492,49.31496810913086,2075.14990234375
2015-10-26,268.3219299316406,150.08718872070312,48.33694839477539,50.68115997314453,2079.360107421875
2015-11-02,271.92779541015625,159.4286346435547,51.50425720214844,54.07460403442383,2099.199951171875
2015-11-09,261.6742248535156,152.40052795410156,49.32249069213867,51.38629150390625,2023.0400390625
2015-11-16,276.3189697265625,153.2650146484375,50.812103271484375,53.45760726928711,2089.169921875
2015-11-23,273.21612548828125,152.46456909179688,50.53374481201172,53.4722900390625,2090.110107421875
2015-11-30,276.68121337890625,152.60118103027344,51.07542419433594,54.12602233886719,2091.68994140625
2015-12-07,247.5528564453125,141.81407165527344,48.2015380859375,48.56577682495117,2012.3699951171875
2015-12-14,246.54808044433594,140.9546661376953,48.44980239868164,47.5448112487793,2005.550048828125
2015-12-21,258.7654724121094,146.56106567382812,50.104923248291016,49.31496810913086,2060.989990234375
2015-12-28,261.1583557128906,144.76182556152344,49.676082611083984,48.98827362060547,2043.93994140625
2016-01-04,236.04873657226562,131.6776123046875,44.62441635131836,43.296592712402344,1922.030029296875
2016-01-11,227.4590301513672,124.98687744140625,43.20055389404297,40.579952239990234,1880.3299560546875
2016-01-18,230.5113983154297,125.9909439086914,43.13238525390625,41.21481704711914,1906.9000244140625
2016-01-25,241.01852416992188,129.76597595214844,45.06369400024414,41.140987396240234,1940.239990234375
2016-02-01,236.0257110595703,125.67766571044922,43.7382926940918,40.17392349243164,1880.050048828125
2016-02-08,235.2971649169922,117.37252044677734,43.54136657714844,40.3658561706543,1864.780029296875
2016-02-15,241.0415802001953,117.99903106689453,43.79130554199219,41.48056411743164,1917.780029296875
2016-02-22,240.75775146484375,120.6817398071289,43.5792350769043,40.90473937988281,1948.050048828125
2016-02-29,250.05714416503906,126.52220916748047,45.48023986816406,43.31135559082031,1999.989990234375
2016-03-07,262.3297119140625,124.18282318115234,44.9425163269043,42.779842376708984,2022.18994140625
2016-03-14,264.57733154296875,127.13528442382812,45.80592346191406,43.59187698364258,2049.580078125
2016-03-21,258.18231201171875,123.42448425292969,45.04854202270508,43.370418548583984,2035.93994140625
2016-03-28,264.55426025390625,128.92617797851562,45.34391784667969,43.77250289916992,2072.780029296875
2016-04-04,256.1123046875,121.23030090332031,44.05448913574219,41.78251266479492,2047.5999755859375
2016-04-11,276.30157470703125,127.8774642944336,47.20559310913086,44.23286819458008,2080.72998046875
2016-04-18,282.2719421386719,134.51658630371094,48.80785369873047,45.95555877685547,2091.580078125
2016-04-25,275.2126159667969,132.3868865966797,48.2203483581543,46.26000213623047,2065.300048828125
2016-05-02,274.9653625488281,128.14364624023438,46.999576568603516,44.37396240234375,2057.139892578125
2016-05-09,268.23065185546875,125.31221771240234,46.69439697265625,43.98041534423828,2046.6099853515625
2016-05-16,273.42071533203125,124.64257049560547,48.456871032714844,45.613983154296875,2052.320068359375
2016-05-23,281.9784240722656,129.21974182128906,49.921810150146484,47.02481460571289,2099.06005859375
2016-05-30,279.31488037109375,126.09312438964844,49.31904602050781,45.3021240234375,2099.1298828125
2016-06-06,269.67724609375,121.41131591796875,48.708656311035156,43.94328308105469,2096.070068359375
2016-06-13,265.72100830078125,117.96881103515625,47.518409729003906,43.02252960205078,2071.219970703125
2016-06-20,258.4384765625,114.906982421875,45.47362518310547,40.832069396972656,2037.4100341796875
2016-06-27,265.2547607421875,120.08291625976562,47.10403060913086,40.24502944946289,2102.949951171875
2016-07-04,268.3016357421875,121.80827331542969,47.54231262207031,39.7890510559082,2129.89990234375
2016-07-11,277.3562316894531,130.92889404296875,49.349281311035156,42.53983688354492,2161.739990234375
2016-07-18,282.17523193359375,129.9325714111328,49.24162292480469,43.53401184082031,2175.030029296875
2016-07-25,284.6623229980469,128.63650512695312,49.18779754638672,49.170101165771484,2173.60009765625
2016-08-01,291.26885986328125,131.29331970214844,50.97938537597656,50.792152404785156,2182.8701171875
2016-08-08,284.9344177246094,132.2329864501953,50.22583770751953,51.0089225769043,2184.050048828125
2016-08-15,289.1704406738281,134.64682006835938,50.64107131958008,51.591976165771484,2183.8701171875
2016-08-22,288.4241027832031,134.4361572265625,50.91787338256836,51.62934112548828,2169.0400390625
2016-08-29,292.3498229980469,137.57215881347656,51.8943977355957,52.79544448852539,2179.97998046875
2016-09-05,283.2239685058594,137.07614135742188,51.248497009277344,52.10027313232422,2127.81005859375
2016-09-12,286.1877136230469,134.9862518310547,50.61029052734375,51.79380416870117,2139.159912109375
2016-09-19,285.9375,134.27882385253906,51.70985412597656,52.787967681884766,2164.68994140625
2016-09-26,283.4429016113281,131.1399688720703,51.20237350463867,52.33024597167969,2168.27001953125
2016-10-03,279.3373718261719,138.10069274902344,52.75182342529297,54.30681610107422,2153.739990234375
2016-10-10,277.538818359375,138.6617889404297,52.29486846923828,51.864288330078125,2132.97998046875
2016-10-17,270.21929931640625,142.0364532470703,53.046146392822266,53.26970291137695,2141.159912109375
2016-10-24,265.6368103027344,144.0449676513672,53.52634811401367,52.96905517578125,2126.409912109375
2016-10-31,270.4148254394531,143.0529022216797,52.48075866699219,52.901432037353516,2085.179931640625
2016-11-07,290.2696838378906,165.83792114257812,59.39712905883789,57.4557991027832,2164.449951171875
2016-11-14,291.5130310058594,171.0503387451172,60.18711853027344,58.99647903442383,2181.89990234375
2016-11-21,292.2090759277344,171.88792419433594,61.05458450317383,58.951385498046875,2213.35009765625
2016-11-28,290.4026184082031,182.19271850585938,63.1999626159668,58.951385498046875,2191.949951171875
2016-12-05,305.68048095703125,197.27479553222656,66.21281433105469,60.52211380004883,2259.530029296875
2016-12-12,308.89019775390625,194.86854553222656,65.78682708740234,59.08666229248047,2258.070068359375
2016-12-19,303.47760009765625,196.5570526123047,67.42105102539062,59.139286041259766,2263.7900390625
2016-12-26,299.386474609375,195.317138671875,66.8323974609375,58.694766998291016,2238.830078125
2017-01-02,302.3446350097656,199.76266479492188,67.06980895996094,62.25934982299805,2276.97998046875
2017-01-09,298.4503173828125,199.27325439453125,67.5215072631836,62.6293830871582,2274.639892578125
2017-01-16,300.0631408691406,189.4033660888672,65.1617660522461,59.668983459472656,2271.31005859375
2017-01-23,295.0751953125,193.27796936035156,67.70064544677734,57.39579391479492,2294.68994140625
2017-01-30,297.38812255859375,196.5407257080078,67.89533996582031,58.5588264465332,2297.419921875
2017-02-06,301.2354431152344,197.98443603515625,67.75516510009766,58.989295959472656,2316.10009765625
2017-02-13,305.85345458984375,204.23265075683594,70.27068328857422,60.922630310058594,2351.159912109375
2017-02-20,306.16815185546875,201.7611083984375,70.3485336303711,59.62367630004883,2367.340087890625
2017-02-27,308.9040832519531,206.81919860839844,72.27214050292969,60.582786560058594,2383.1201171875
2017-03-06,304.4783630371094,203.130859375,71.0884017944336,60.34865188598633,2372.60009765625
2017-03-13,303.1087646484375,199.49974060058594,70.62113189697266,59.36689376831055,2378.25
2017-03-20,296.4266357421875,186.7989044189453,67.98101806640625,58.30958938598633,2343.97998046875
2017-03-27,303.63128662109375,187.8702850341797,68.40933227539062,60.41156005859375,2362.719970703125
2017-04-03,305.6184997558594,186.365478515625,67.50216674804688,59.7817268371582,2355.5400390625
2017-04-10,300.060546875,182.63621520996094,66.10794830322266,58.65863037109375,2328.949951171875
2017-04-17,299.3163757324219,177.35305786132812,66.20195770263672,58.96216583251953,2348.68994140625
2017-04-24,304.4704895019531,183.02877807617188,68.14446258544922,63.66698455810547,2384.199951171875
2017-05-01,303.82916259765625,185.5394287109375,68.14446258544922,63.4393196105957,2399.2900390625
2017-05-08,304.90594482421875,182.22727966308594,68.081787109375,62.65773391723633,2390.89990234375
2017-05-15,311.3979797363281,176.15086364746094,66.40560150146484,61.3221549987793,2381.72998046875
2017-05-22,322.24444580078125,182.80792236328125,66.85990905761719,62.217594146728516,2415.820068359375
2017-05-29,330.3508605957031,175.03707885742188,64.7293930053711,62.74119567871094,2439.070068359375
2017-06-05,333.36993408203125,182.52896118164062,68.11312866210938,66.2850112915039,2431.77001953125
2017-06-12,334.9710388183594,182.01197814941406,67.50216674804688,66.96795654296875,2433.14990234375
2017-06-19,335.8553466796875,178.22093200683594,68.03479766845703,66.20155334472656,2438.300048828125
2017-06-26,336.4845886230469,182.0858612060547,71.5908203125,68.38087463378906,2423.409912109375
2017-07-03,344.426513671875,184.859375,73.9142074584961,69.2496109008789,2425.179931640625
2017-07-10,349.17413330078125,187.5836944580078,72.65408325195312,70.16411590576172,2459.27001953125
2017-07-17,341.4552917480469,180.67440795898438,71.58294677734375,69.34107208251953,2472.5400390625
2017-07-24,337.75115966796875,183.48902893066406,71.89013671875,71.0024185180664,2472.10009765625
2017-07-31,339.7505798339844,188.56015014648438,73.76457977294922,72.47322082519531,2476.830078125
2017-08-07,337.8785400390625,183.93209838867188,72.00039672851562,70.17173767089844,2441.320068359375
2017-08-14,331.8166809082031,182.2909698486328,71.46481323242188,70.43085479736328,2425.550048828125
2017-08-21,331.6732177734375,182.5535430908203,72.37057495117188,71.23100280761719,2443.050048828125
2017-08-28,338.0130310058594,185.98477172851562,72.22090911865234,71.0100326538086,2476.550048828125
2017-09-04,333.3410339355469,178.84608459472656,69.63765716552734,70.49181365966797,2461.429931640625
2017-09-11,343.57476806640625,185.44134521484375,72.15791320800781,71.6654281616211,2500.22998046875
2017-09-18,349.00030517578125,190.22515869140625,74.68603515625,72.82376098632812,2502.219970703125
2017-09-25,358.2965087890625,195.29714965820312,75.22160339355469,73.12908935546875,2519.360107421875
2017-10-02,371.2229919433594,202.56764221191406,76.77827453613281,75.62438201904297,2549.330078125
2017-10-09,381.0560607910156,196.4004669189453,75.93855285644531,75.97648620605469,2553.169921875
2017-10-16,381.9617004394531,201.50543212890625,78.83000183105469,75.86933898925781,2575.2099609375
2017-10-23,380.7676696777344,199.01885986328125,80.62033081054688,71.57528686523438,2581.070068359375
2017-10-30,383.9571228027344,201.2337188720703,80.33517456054688,70.82516479492188,2587.840087890625
2017-11-06,373.3145751953125,197.73435974121094,77.24563598632812,69.38616180419922,2582.300048828125
2017-11-13,379.85400390625,195.9805908203125,77.74474334716797,70.65673828125,2578.85009765625
2017-11-20,384.4620056152344,194.27622985839844,77.88732147216797,70.7715835571289,2602.419921875
2017-11-27,404.38232421875,205.62429809570312,83.01276397705078,73.08316802978516,2642.219970703125
2017-12-04,415.1829528808594,206.7806396484375,83.91581726074219,74.75945281982422,2651.5
2017-12-11,412.267333984375,212.41372680664062,84.08219146728516,75.41773986816406,2675.81005859375
2017-12-18,412.4686279296875,213.90045166015625,85.11992645263672,74.95842742919922,2683.340087890625
2017-12-25,413.749267578125,210.42311096191406,84.71593475341797,75.03436279296875,2673.610107421875
2018-01-01,423.3015441894531,211.05088806152344,86.27208709716797,75.77234649658203,2743.14990234375
2018-01-08,447.43182373046875,212.29806518554688,89.72007751464844,82.4371109008789,2786.239990234375
2018-01-15,475.4036865234375,211.54644775390625,89.99083709716797,82.72150421142578,2810.300048828125
2018-01-22,472.6169738769531,221.47457885742188,92.6266098022461,85.2582778930664,2872.8701171875
2018-01-29,441.62469482421875,214.78421020507812,91.00215148925781,82.61390686035156,2762.1298828125
2018-02-05,420.0315246582031,205.913330078125,87.62580871582031,76.8792724609375,2619.550048828125
2018-02-12,435.8096008300781,221.04505920410156,91.3206787109375,80.36924743652344,2732.219970703125
2018-02-19,442.7765197753906,220.3429412841797,93.41496276855469,80.33078002929688,2747.300048828125
2018-02-26,432.97467041015625,213.79681396484375,90.23767852783203,80.16168975830078,2691.25
2018-03-05,467.3373718261719,224.27462768554688,93.99626159667969,84.42805480957031,2786.570068359375
2018-03-12,456.3902893066406,221.64895629882812,91.92586517333984,82.15265655517578,2752.010009765625
2018-03-19,421.9541320800781,203.1450958251953,85.21297454833984,75.11124420166016,2588.260009765625
2018-03-26,438.6257629394531,208.61175537109375,87.570068359375,76.9930419921875,2640.8701171875
2018-04-02,420.97442626953125,207.04635620117188,87.30982208251953,75.26372528076172,2604.469970703125
2018-04-09,424.90142822265625,211.97463989257812,88.27823638916016,77.0470962524414,2656.300048828125
2018-04-16,424.61810302734375,208.69461059570312,89.21467590332031,76.93902587890625,2670.139892578125
2018-04-23,424.80426025390625,198.6226806640625,87.55792236328125,77.40222930908203,2669.909912109375
2018-04-30,421.3631286621094,194.59716796875,86.78160095214844,75.46446228027344,2663.419921875
2018-05-07,437.58123779296875,201.20693969726562,91.12747192382812,78.75325012207031,2727.719970703125
2018-05-14,436.0103759765625,196.30348205566406,88.94251251220703,76.67652893066406,2712.969970703125
2018-05-21,436.9172668457031,194.65516662597656,88.56636810302734,77.5643539428711,2721.330078125
2018-05-28,436.471923828125,189.80764770507812,86.7575912475586,76.00489044189453,2734.6201171875
2018-06-04,447.2626037597656,193.99691772460938,88.926513671875,77.5566177368164,2779.030029296875
2018-06-11,427.00042724609375,192.7750244140625,86.3573989868164,75.9199447631836,2779.659912109375
2018-06-18,425.5512390136719,187.87091064453125,84.63665008544922,75.76556396484375,2754.8798828125
2018-06-25,406.2576904296875,183.34080505371094,83.3961181640625,72.18853759765625,2718.3701171875
2018-07-02,400.2740173339844,184.3548583984375,83.73665618896484,71.92486572265625,2759.820068359375
2018-07-09,412.81097412109375,188.19509887695312,85.58747100830078,71.68448638916016,2801.31005859375
2018-07-16,409.30230712890625,192.58389282226562,89.54655456542969,66.58965301513672,2801.830078125
2018-07-23,409.416259765625,197.5296173095703,93.36888122558594,67.46591186523438,2818.820068359375
2018-07-30,392.7113037109375,194.5788116455078,94.22186279296875,67.37285614013672,2840.35009765625
2018-08-06,389.9027404785156,190.85499572753906,93.1274642944336,65.13175201416016,2833.280029296875
2018-08-13,385.99517822265625,193.98866271972656,92.35497283935547,65.88395690917969,2850.1298828125
2018-08-20,388.73046875,195.42665100097656,92.28252410888672,66.78351593017578,2874.68994140625
2018-08-27,389.9924011230469,198.32553100585938,92.20205688476562,67.39613342285156,2901.52001953125
2018-09-03,386.3174133300781,195.0730743408203,91.99285125732422,66.98512268066406,2871.679931640625
2018-09-10,390.103271484375,191.17837524414062,91.33296966552734,67.69080352783203,2904.97998046875
2018-09-17,399.5677490234375,196.26564025878906,94.83341217041016,68.83850860595703,2929.669921875
2018-09-24,386.22735595703125,187.00860595703125,90.80188751220703,65.32720947265625,2913.97998046875
2018-10-01,385.84210205078125,188.2345733642578,92.88015747070312,67.34676361083984,2885.570068359375
2018-10-08,350.47515869140625,178.3603515625,86.6649169921875,63.51820755004883,2767.1298828125
2018-10-15,329.1285705566406,189.27703857421875,87.44283294677734,56.843563079833984,2767.780029296875
2018-10-22,317.0663757324219,177.1011199951172,83.80445098876953,51.767417907714844,2658.68994140625
2018-10-29,335.7743225097656,191.55372619628906,87.82368469238281,54.56670379638672,2723.06005859375
2018-11-05,339.20770263671875,185.68264770507812,90.1817626953125,56.33673095703125,2781.010009765625
2018-11-12,336.7904357910156,168.56126403808594,89.12830352783203,55.868900299072266,2736.27001953125
2018-11-19,333.1930236816406,157.70303344726562,86.42180633544922,56.0560302734375,2632.56005859375
2018-11-26,350.7291259765625,159.6730194091797,90.10071563720703,56.93714141845703,2760.169921875
2018-12-03,324.6081237792969,150.4455108642578,83.69911193847656,50.71474838256836,2633.080078125
2018-12-10,315.6897277832031,144.6678924560547,81.26809692382812,49.53733444213867,2599.949951171875
2018-12-17,304.8393249511719,134.01686096191406,76.30889129638672,46.91738510131836,2416.6201171875
2018-12-24,320.5865783691406,136.51214599609375,78.46435546875,49.498355865478516,2485.739990234375
2018-12-31,323.55108642578125,146.57696533203125,82.25485229492188,50.425323486328125,2531.93994140625
2019-01-07,328.5799560546875,148.1511993408203,81.61766052246094,52.64060592651367,2596.260009765625
2019-01-14,346.366943359375,169.59556579589844,85.4408187866211,56.01068115234375,2670.7099609375
2019-01-21,338.5222473144531,168.08836364746094,84.46051025390625,57.06333541870117,2664.760009765625
2019-01-28,344.18695068359375,164.5714874267578,84.86078643798828,55.90855026245117,2706.530029296875
2019-02-04,340.0169372558594,160.49359130859375,82.80219268798828,54.172454833984375,2707.8798828125
2019-02-11,356.6890563964844,166.21270751953125,86.22504425048828,55.50791931152344,2775.60009765625
2019-02-18,360.6278381347656,164.11935424804688,85.77574157714844,56.874786376953125,2792.669921875
2019-02-25,366.4495849609375,166.6316680908203,85.31008911132812,57.18901824951172,2803.68994140625
2019-03-04,350.5480651855469,164.1431427001953,84.15008544921875,53.49687194824219,2743.070068359375
2019-03-11,360.73223876953125,166.68211364746094,87.04194641113281,55.0679931640625,2822.47998046875
2019-03-18,347.2615051269531,158.8633575439453,81.49512481689453,51.06161880493164,2800.7099609375
2019-03-25,355.59027099609375,161.4108123779297,82.69599914550781,52.06718826293945,2834.39990234375
2019-04-01,370.34234619140625,170.14593505859375,86.687255859375,54.2508430480957,2892.739990234375
2019-04-08,378.0387268066406,174.73629760742188,91.54390716552734,56.19712829589844,2907.409912109375
2019-04-15,387.47406005859375,173.11370849609375,93.39605712890625,55.3505859375,2905.030029296875
2019-04-22,398.53204345703125,170.73446655273438,94.2274169921875,53.11945343017578,2939.8798828125
2019-04-29,401.4607849121094,174.46725463867188,95.58563232421875,53.17485046386719,2945.639892578125
2019-05-06,385.23590087890625,169.86849975585938,92.61402893066406,51.27602005004883,2881.39990234375
2019-05-13,367.39691162109375,165.98435974121094,91.18171691894531,47.77901840209961,2859.530029296875
2019-05-20,362.57110595703125,162.2599639892578,90.30919647216797,46.65556335449219,2826.06005859375
2019-05-27,345.76385498046875,154.1154022216797,87.2223129272461,43.7123908996582,2752.06005859375
2019-06-03,372.34637451171875,160.2972869873047,89.85643768310547,44.79631423950195,2873.340087890625
2019-06-10,374.7442321777344,161.85963439941406,90.39972686767578,43.79941940307617,2886.97998046875
2019-06-17,392.5772399902344,165.47413635253906,90.08694458007812,43.9260139465332,2950.4599609375
2019-06-24,393.4659729003906,172.78761291503906,92.02958679199219,44.73103332519531,2941.760009765625
2019-07-01,401.3385925292969,175.5745086669922,94.08211517333984,45.32148361206055,2990.409912109375
2019-07-08,404.49951171875,180.6754150390625,95.58258819580078,44.036842346191406,3013.77001953125
2019-07-15,396.7693176269531,180.32069396972656,94.12357330322266,47.93864440917969,2976.610107421875
2019-07-22,400.902587890625,187.60037231445312,96.34526824951172,48.1700325012207,3025.860107421875
2019-07-29,375.7922058105469,176.81593322753906,93.61787414550781,44.411861419677734,2932.050048828125
2019-08-05,357.4393615722656,174.73004150390625,90.97340393066406,42.25749206542969,2918.64990234375
2019-08-12,351.6795959472656,168.41299438476562,89.29883575439453,40.055259704589844,2888.679931640625
2019-08-19,341.442626953125,165.69375610351562,87.88956451416016,39.86375427246094,2847.110107421875
2019-08-26,354.27862548828125,173.28573608398438,91.07288360595703,40.94094467163086,2926.4599609375
2019-09-02,358.18603515625,176.09005737304688,93.35259246826172,41.36383819580078,2978.7099609375
2019-09-09,374.3531188964844,186.87420654296875,99.66951751708984,48.79240798950195,3007.389892578125
2019-09-16,375.5617370605469,181.63937377929688,98.56695556640625,47.96257781982422,2992.070068359375
2019-09-23,377.0321350097656,177.58578491210938,97.5887680053711,47.7152214050293,2961.7900390625
2019-09-30,361.2368469238281,170.64279174804688,95.78004455566406,45.775394439697266,2952.010009765625
2019-10-07,366.7808837890625,173.94004821777344,97.05021667480469,47.248382568359375,2970.27001953125
2019-10-14,376.11090087890625,175.5037078857422,100.74369049072266,50.98316955566406,2986.199951171875
2019-10-21,388.5848693847656,182.0557861328125,105.31459045410156,52.923011779785156,3022.550048828125
2019-10-28,396.5036315917969,184.74118041992188,106.79365539550781,54.540897369384766,3066.909912109375
2019-11-04,414.2849426269531,189.43214416503906,108.9495849609375,58.839111328125,3093.080078125
2019-11-11,414.918701171875,187.171630859375,108.23931884765625,58.388362884521484,3120.4599609375
2019-11-18,409.88189697265625,187.1971435546875,109.29218292236328,59.499149322509766,3110.2900390625
2019-11-25,418.2569580078125,189.16705322265625,110.10275268554688,60.44894790649414,3140.97998046875
2019-12-02,421.83563232421875,191.95306396484375,112.84364318847656,61.99436569213867,3145.909912109375
2019-12-09,424.26055908203125,192.286376953125,114.32272338867188,63.6927604675293,3168.800048828125
2019-12-16,425.09454345703125,195.64495849609375,114.68199920654297,63.773231506347656,3221.219970703125
2019-12-23,428.00445556640625,197.12342834472656,116.26971435546875,64.4896240234375,3240.02001953125
2019-12-30,428.48101806640625,197.90965270996094,116.34336853027344,64.46656799316406,3234.85009765625
2020-01-06,435.8071594238281,206.90867614746094,114.4343032836914,66.18416595458984,3265.35009765625
2020-01-13,455.4286193847656,213.19003295898438,116.2256088256836,66.88903045654297,3329.6201171875
2020-01-20,456.78997802734375,206.74632263183594,111.97858428955078,63.47003936767578,3295.469970703125
2020-01-27,448.7150573730469,203.1825714111328,111.31420135498047,61.274410247802734,3225.52001953125
2020-02-03,472.8717346191406,203.39620971679688,115.3593978881836,64.1181869506836,3327.7099609375
2020-02-10,481.5507507324219,202.61000061035156,115.60330963134766,63.07304382324219,3380.159912109375
2020-02-17,473.9437561035156,197.08921813964844,114.21565246582031,62.48970413208008,3337.75
2020-02-24,393.9690856933594,172.62835693359375,97.64804077148438,55.181827545166016,2954.219970703125
2020-03-02,386.1556396484375,165.8184814453125,90.89483642578125,48.71653747558594,2972.3701171875
2020-03-09,354.75115966796875,152.33631896972656,87.38788604736328,47.687599182128906,2711.02001953125
2020-03-16,304.1165466308594,119.00928497314453,70.22315216064453,37.811424255371094,2304.919921875
2020-03-23,372.3780822753906,136.14573669433594,76.63996887207031,39.42369842529297,2541.469970703125
2020-03-30,358.42913818359375,126.33499908447266,71.42021942138672,42.68812561035156,2488.64990234375
2020-04-06,404.1684265136719,158.43252563476562,87.31875610351562,49.881927490234375,2789.820068359375
2020-04-13,408.84088134765625,157.77044677734375,80.87776184082031,47.8686408996582,2874.56005859375
2020-04-20,407.35772705078125,152.1901397705078,77.07946014404297,46.98475646972656,2836.739990234375
2020-04-27,415.0909423828125,152.276123046875,79.23777770996094,48.35151290893555,2830.7099609375
2020-05-04,427.6252136230469,159.4040985107422,78.77043151855469,49.28448486328125,2929.800048828125
2020-05-11,440.4425354003906,147.77919006347656,72.99222564697266,44.529537200927734,2863.699951171875
2020-05-18,440.0738830566406,154.7094268798828,76.0257797241211,45.2742919921875,2955.449951171875
2020-05-25,453.2255554199219,170.0043487548828,82.68772888183594,49.890106201171875,3044.31005859375
2020-06-01,480.3201599121094,188.5457305908203,94.51602935791016,57.86139678955078,3193.929931640625
2020-06-08,454.86846923828125,174.58123779296875,84.86305236816406,51.65786361694336,3041.31005859375
2020-06-15,479.3190002441406,174.4514923095703,83.1125717163086,53.523834228515625,3097.739990234375
2020-06-22,461.6090087890625,163.68838500976562,78.67695617675781,49.538185119628906,3009.050048828125
2020-06-29,476.2120361328125,170.79168701171875,79.50370025634766,52.10619354248047,3130.010009765625
2020-07-06,478.2057189941406,177.85179138183594,82.60112762451172,52.92332458496094,3185.0400390625
2020-07-13,507.2390441894531,182.91319274902344,84.22278594970703,50.93416213989258,3224.72998046875
2020-07-20,492.48065185546875,174.31307983398438,84.32573699951172,51.462398529052734,3215.6298828125
2020-07-27,496.26971435546875,171.27615356445312,82.9185791015625,52.65093994140625,3271.1201171875
2020-08-03,507.6446533203125,180.19651794433594,85.26953125,57.42164993286133,3351.280029296875
2020-08-10,507.8777160644531,179.9368896484375,87.86933898925781,58.2139892578125,3372.85009765625
2020-08-17,504.0631408691406,175.1436767578125,83.50204467773438,55.754364013671875,3397.159912109375
2020-08-24,518.7523803710938,179.7119598388672,88.17822265625,57.86734390258789,3508.010009765625
2020-08-31,490.2379150390625,183.61154174804688,88.82173156738281,56.41468048095703,3426.9599609375
2020-09-07,469.8948974609375,174.88966369628906,86.71959686279297,53.57537078857422,3340.969970703125
2020-09-14,483.5435791015625,169.6147918701172,84.38578796386719,51.132240295410156,3319.469970703125
2020-09-21,475.6341552734375,169.69309997558594,80.19866943359375,48.28469467163086,3298.4599609375
2020-09-28,495.004638671875,174.00184631347656,83.9911117553711,49.69007110595703,3348.419921875
2020-10-05,530.9934692382812,180.6520233154297,87.6368637084961,55.310184478759766,3477.139892578125
2020-10-12,570.767822265625,179.49435424804688,87.90532684326172,55.43508529663086,3483.81005859375
2020-10-19,553.3421020507812,178.4759063720703,89.89706420898438,54.377662658691406,3465.389892578125
2020-10-26,520.2619018554688,164.54881286621094,84.900390625,49.040653228759766,3269.9599609375
2020-11-02,568.6144409179688,175.1856231689453,89.16099548339844,51.813228607177734,3509.43994140625
2020-11-09,581.5252685546875,190.69700622558594,98.79065704345703,57.05032730102539,3585.14990234375
2020-11-16,584.0780639648438,194.41378784179688,99.2149887084961,56.57575607299805,3557.5400390625
2020-11-23,620.8916015625,204.90255737304688,104.97372436523438,59.606441497802734,3638.35009765625
2020-11-30,613.8873901367188,209.6777801513672,105.94361114501953,63.5946159362793,3699.1201171875
2020-12-07,606.6705932617188,210.0365753173828,103.53620147705078,60.6139030456543,3663.4599609375
2020-12-14,609.8120727539062,211.90948486328125,103.12055969238281,58.83213424682617,3709.409912109375
2020-12-21,617.1249389648438,224.18841552734375,107.83146667480469,59.7646369934082,3703.06005859375
2020-12-28,629.6563720703125,230.7960662841797,110.0396957397461,61.03550338745117,3756.070068359375
2021-01-04,660.1204833984375,253.8748016357422,118.63848114013672,64.68354797363281,3824.679931640625
2021-01-11,635.0841674804688,263.44061279296875,120.9236831665039,64.72547912597656,3768.25
2021-01-18,641.44580078125,253.27085876464844,116.69343566894531,62.20119857788086,3841.469970703125
2021-01-25,611.9588012695312,237.3249969482422,112.22772216796875,58.704124450683594,3714.239990234375
2021-02-01,633.8363037109375,256.867919921875,120.34801483154297,62.70439147949219,3886.830078125
2021-02-08,630.9127807617188,268.0878601074219,123.20016479492188,61.639312744140625,3934.830078125
2021-02-15,619.6818237304688,276.2271423339844,129.1050262451172,60.322669982910156,3906.7099609375
2021-02-22,606.0595092773438,279.6052551269531,128.36366271972656,61.027099609375,3811.14990234375
2021-03-01,616.4783935546875,287.635986328125,131.625732421875,66.60400390625,3841.93994140625
2021-03-08,628.68896484375,306.4737243652344,136.19615173339844,70.27721405029297,3943.340087890625
2021-03-15,640.49560546875,302.4233093261719,135.31521606445312,70.57911682128906,3913.10009765625
2021-03-22,664.4252319335938,287.6535339355469,135.27157592773438,72.02994537353516,3974.5400390625
2021-03-29,673.1419677734375,287.87322998046875,134.0679168701172,71.6734390258789,4019.8701171875
2021-04-05,709.5889892578125,290.6585388183594,137.11233520507812,72.95587921142578,4128.7998046875
2021-04-12,712.3104858398438,300.76263427734375,134.49783325195312,67.85987091064453,4185.47021484375
2021-04-19,713.8202514648438,298.1619567871094,131.769287109375,68.43359375,4180.169921875
2021-04-26,719.2012939453125,306.1574401855469,134.94528198242188,70.82974243164062,4181.169921875
2021-05-03,767.0692138671875,325.87384033203125,141.46397399902344,73.59710693359375,4232.60009765625
2021-05-10,752.1812133789062,324.0111999511719,143.89427185058594,73.19214630126953,4173.85009765625
2021-05-17,755.6046142578125,321.8058166503906,142.70986938476562,72.77027893066406,4155.85986328125
2021-05-24,769.88671875,327.9706115722656,144.0960693359375,73.38617706298828,4204.10986328125
2021-05-31,782.1382446289062,345.0999755859375,146.02622985839844,73.31868743896484,4229.89013671875
2021-06-07,776.6790161132812,333.2865295410156,140.6305389404297,70.6525650024414,4247.43994140625
2021-06-14,741.5078735351562,307.52642822265625,129.7777099609375,66.52680969238281,4166.4501953125
2021-06-21,770.83203125,325.1054992675781,135.15586853027344,70.22225189208984,4280.7001953125
2021-06-28,788.1177368164062,329.8572082519531,137.68185424804688,71.57783508300781,4352.33984375
2021-07-05,794.8909912109375,327.7414245605469,137.45245361328125,71.41651916503906,4369.5498046875
2021-07-12,771.705078125,321.6054992675781,134.04637145996094,71.61180114746094,4327.16015625
2021-07-19,766.35205078125,329.76031494140625,132.9257049560547,72.46936798095703,4411.7900390625
2021-07-26,764.7819213867188,330.4919738769531,133.931640625,73.98924255371094,4395.259765625
2021-08-02,790.2874145507812,350.7774353027344,138.97900390625,76.41761779785156,4436.52001953125
2021-08-09,808.60498046875,362.1411437988281,141.1673583984375,77.08841705322266,4468.0
2021-08-16,808.87841796875,348.99664306640625,136.52590942382812,73.09769439697266,4441.669921875
2021-08-23,842.1888427734375,369.99615478515625,143.87635803222656,80.05169677734375,4509.3701171875
2021-08-30,830.2208251953125,364.3703918457031,140.73500061035156,78.87146759033203,4535.43017578125
2021-09-06,811.9205322265625,357.4339294433594,138.85546875,74.3458480834961,4458.580078125
2021-09-13,776.4984741210938,346.78570556640625,139.1378173828125,72.01936340332031,4432.990234375
2021-09-20,774.7178955078125,346.24542236328125,143.86753845214844,72.8005142211914,4455.47998046875
2021-09-27,745.7265014648438,336.6335754394531,147.4766082763672,73.85585021972656,4357.0400390625
2021-10-04,747.94970703125,347.981689453125,151.10833740234375,77.94993591308594,4391.33984375
2021-10-11,803.6298217773438,359.7283935546875,147.9036407470703,79.25765991210938,4471.3701171875
2021-10-18,810.458984375,367.036865234375,152.49314880371094,84.95860290527344,4544.89990234375
2021-10-25,835.69482421875,366.1775817871094,150.81536865234375,84.2320785522461,4605.3798828125
2021-11-01,846.0140380859375,360.62310791015625,149.18199157714844,81.77052307128906,4697.52978515625
2021-11-08,860.5230712890625,358.70074462890625,148.1255645751953,84.67655181884766,4682.85009765625
2021-11-15,810.4412841796875,343.1802062988281,142.85244750976562,80.98419189453125,4697.9599609375
2021-11-22,798.651611328125,344.951904296875,143.7490997314453,79.7875747680664,4594.6201171875
2021-11-29,796.818115234375,340.84130859375,140.5177459716797,76.9328384399414,4538.43017578125
2021-12-06,823.2648315429688,348.25958251953125,141.8760223388672,79.9243392944336,4712.02001953125
2021-12-13,812.951171875,340.0130310058594,139.15956115722656,78.48841857910156,4620.64013671875
2021-12-20,813.262939453125,342.8984680175781,139.60340881347656,79.51406860351562,4725.7900390625
2021-12-27,814.7222900390625,340.680908203125,140.571044921875,79.97735595703125,4766.18017578125
2022-01-03,793.9972534179688,354.00360107421875,149.28138732910156,87.42471313476562,4677.02978515625
2022-01-10,755.1370239257812,339.2471008300781,141.00286865234375,89.2392349243164,4662.85009765625
2022-01-17,712.7084350585938,306.2700500488281,129.56292724609375,78.2488021850586,4397.93994140625
2022-01-24,719.1332397460938,309.0307312011719,130.92930603027344,80.53634643554688,4431.85009765625
2022-01-31,720.6281127929688,327.3672180175781,136.24290466308594,85.0425796508789,4500.52978515625
2022-02-07,687.40966796875,323.3240966796875,137.45742797851562,85.28337860107422,4418.64013671875
2022-02-14,672.7535400390625,308.16693115234375,135.8678436279297,80.31275177001953,4348.8701171875
2022-02-21,668.1708374023438,311.8003234863281,132.14381408691406,76.31387329101562,4384.64990234375
2022-02-28,623.9969482421875,295.31915283203125,120.0252456665039,69.23629760742188,4328.8701171875
2022-03-07,615.4420776367188,292.9273681640625,115.10456085205078,70.59504699707031,4204.31005859375
2022-03-14,661.6199340820312,309.3922424316406,125.11559295654297,76.47726440429688,4463.1201171875
2022-03-21,663.8145141601562,302.3243408203125,126.74093627929688,77.85321807861328,4543.06005859375
2022-03-28,689.5415649414062,295.81182861328125,120.83788299560547,74.253662109375,4545.85986328125
2022-04-04,659.3892822265625,287.90191650390625,120.09622955322266,72.83451843261719,4488.27978515625
2022-04-11,616.4544067382812,288.1258544921875,113.4656753540039,65.60038757324219,4392.58984375
2022-04-18,593.853515625,286.4506530761719,114.08644104003906,61.32569122314453,4271.77978515625
2022-04-25,559.5806274414062,273.6585998535156,107.38395690917969,57.95090866088867,4131.93017578125
2022-05-02,563.1102294921875,280.35028076171875,111.30646514892578,60.68535232543945,4123.33984375
2022-05-09,551.2051391601562,275.0023193359375,107.14102935791016,59.88923263549805,4023.889892578125
2022-05-16,537.86669921875,274.83209228515625,105.5666275024414,58.383575439453125,3901.360107421875
2022-05-23,597.0694580078125,294.3426513671875,118.09894561767578,63.20342254638672,4158.240234375
2022-05-30,606.0445556640625,287.2225341796875,117.10032653808594,61.69777297973633,4108.5400390625
2022-06-06,557.262451171875,258.687744140625,107.55488586425781,56.44524383544922,3900.860107421875
2022-06-13,525.3156127929688,252.1714324951172,101.68907165527344,53.43390655517578,3674.840087890625
2022-06-20,584.427978515625,272.8650817871094,105.54862976074219,57.345176696777344,3911.739990234375
2022-06-27,556.387451171875,269.6925048828125,102.60673522949219,55.336612701416016,3825.330078125
2022-07-04,558.9677124023438,267.2049255371094,103.79570770263672,55.03102493286133,3899.3798828125
2022-07-11,541.654541015625,264.8616027832031,102.51595306396484,57.335994720458984,3863.159912109375
2022-07-18,571.6707153320312,291.9543151855469,104.15876007080078,59.51000213623047,3961.6298828125
2022-07-25,603.7349243164062,300.48052978515625,104.70333099365234,62.02448654174805,4130.2900390625
2022-08-01,627.868896484375,301.6341247558594,105.06639099121094,61.6927375793457,4145.18994140625
2022-08-08,678.3019409179688,318.893798828125,110.84793853759766,65.42082977294922,4280.14990234375
2022-08-15,644.0361938476562,314.79290771484375,107.67124938964844,63.08968734741211,4228.47998046875
2022-08-22,610.284912109375,303.193359375,104.07706451416016,60.356895446777344,4057.659912109375
2022-08-29,593.7025146484375,301.0146179199219,103.20575714111328,59.090904235839844,3924.260009765625
2022-09-05,632.132568359375,308.84234619140625,108.161376953125,63.73576354980469,4067.360107421875
2022-09-12,569.6699829101562,296.22894287109375,106.26443481445312,61.20378494262695,3873.330078125
2022-09-19,537.5390014648438,274.2168273925781,99.05792236328125,55.554893493652344,3693.22998046875
2022-09-26,500.1723327636719,266.1165466308594,94.84654998779297,53.640296936035156,3585.6201171875
2022-10-03,500.2814636230469,273.4085388183594,97.05046081542969,54.787017822265625,3639.659912109375
2022-10-10,500.7814636230469,272.41876220703125,101.82147979736328,53.90492630004883,3583.070068359375
2022-10-17,542.87451171875,295.22100830078125,111.9312744140625,60.97052001953125,3752.75
2022-10-24,603.31005859375,310.404296875,115.45686340332031,65.96318054199219,3901.06005859375
2022-10-31,596.4020385742188,325.0155029296875,119.66928100585938,66.55418395996094,3770.550048828125
2022-11-07,704.2024536132812,349.7701721191406,123.9000244140625,71.44100189208984,3992.929931640625
2022-11-14,654.9923706054688,344.3487854003906,122.56302642822266,66.67768096923828,3965.340087890625
2022-11-21,670.5989379882812,353.1209716796875,125.21869659423828,67.97434997558594,4026.1201171875
2022-11-28,648.0571899414062,347.8684387207031,123.77183532714844,68.55655670166016,4071.699951171875
2022-12-05,647.006103515625,328.271240234375,121.02459716796875,69.71209716796875,3934.3798828125
2022-12-12,640.8467407226562,316.58056640625,118.39639282226562,68.53890991210938,3852.360107421875
2022-12-19,644.25146484375,315.8127746582031,120.2187271118164,68.35365295410156,3844.820068359375
2022-12-26,648.543701171875,313.8658447265625,122.80113983154297,68.97895812988281,3839.5
2023-01-02,675.42333984375,318.161865234375,127.2506332397461,71.74452209472656,3895.080078125
2023-01-09,690.0573120117188,341.8539733886719,131.927734375,73.7809066772461,3999.090087890625
2023-01-16,678.81884765625,312.45819091796875,124.61227416992188,74.94580841064453,3972.610107421875
2023-01-23,694.807373046875,323.298828125,129.44619750976562,80.68146514892578,4070.56005859375
2023-01-30,692.9586791992188,338.1521301269531,130.15655517578125,80.99270629882812,4136.47998046875
2023-02-06,662.1619262695312,339.36785888671875,130.1103973388672,82.3265609741211,4090.4599609375
2023-02-13,655.43505859375,336.8266906738281,131.21742248535156,81.810791015625,4079.090087890625
2023-02-20,625.48046875,332.576416015625,130.00892639160156,77.51573944091797,3970.0400390625
2023-02-27,636.2890014648438,328.73455810546875,132.5273895263672,80.40577697753906,4045.639892578125
2023-03-06,585.3943481445312,301.6506652832031,123.29307556152344,71.02423095703125,3861.590087890625
2023-03-13,586.9430541992188,279.4367980957031,116.06063079833984,63.821311950683594,3916.639892578125
2023-03-20,594.4744262695312,287.7497253417969,115.23037719726562,63.714603424072266,3970.989990234375
2023-03-27,616.8199462890625,301.1351318359375,120.2119140625,67.87735748291016,4109.31005859375
2023-04-03,605.093994140625,296.7991943359375,118.51487731933594,68.298828125,4105.02001953125
2023-04-10,637.2938232421875,310.1661682128906,128.98379516601562,71.76936340332031,4137.64013671875
2023-04-17,627.7158203125,314.52978515625,130.66664123535156,66.02996063232422,4133.52001953125
2023-04-24,618.7373046875,316.1684265136719,128.5282440185547,64.80138397216797,4169.47998046875
2023-05-01,594.105712890625,301.05230712890625,127.13362121582031,61.429473876953125,4136.25
2023-05-08,594.6773071289062,294.12939453125,124.67909240722656,59.67179489135742,4124.080078125
2023-05-15,614.5890502929688,300.25140380859375,129.4021759033203,60.98109817504883,4191.97998046875
2023-05-22,619.751220703125,305.6460876464844,127.3195571899414,61.4025764465332,4205.4501953125
2023-05-29,628.5640258789062,300.21856689453125,130.60157775878906,64.16465759277344,4282.3701171875
2023-06-05,635.5451049804688,311.6929931640625,131.1036376953125,66.28108978271484,4298.85986328125
2023-06-12,652.613037109375,313.8172302246094,133.19557189941406,66.155517578125,4409.58984375
2023-06-19,631.8770141601562,291.92578125,129.09539794921875,63.73421096801758,4348.330078125
2023-06-26,641.8040161132812,299.18896484375,135.222412109375,66.19661712646484,4450.3798828125
2023-07-03,635.2664184570312,292.3525390625,135.12132263183594,66.8298110961914,4398.9501953125
2023-07-10,676.0606689453125,302.57476806640625,140.2045440673828,61.60137939453125,4505.419921875
2023-07-17,697.5859985351562,326.4790344238281,145.0536651611328,63.564300537109375,4536.33984375
2023-07-24,685.6347045898438,327.65704345703125,146.88851928710938,64.37842559814453,4582.22998046875
2023-07-31,659.57763671875,327.6477966308594,146.05532836914062,66.16043853759766,4478.02978515625
2023-08-07,645.9548950195312,316.0620422363281,144.5856475830078,66.64889526367188,4464.0498046875
2023-08-14,622.4051513671875,301.4058837890625,139.45562744140625,61.46570587158203,4369.7099609375
2023-08-21,627.7075805664062,296.97198486328125,137.65823364257812,61.10386276245117,4405.7099609375
2023-08-28,655.7796630859375,306.22943115234375,137.4429473876953,63.18437576293945,4515.77001953125
2023-09-04,645.9738159179688,304.4709777832031,134.64390563964844,63.464805603027344,4457.490234375
2023-09-11,652.3247680664062,320.3904724121094,139.3058319091797,64.9935302734375,4450.31982421875
2023-09-18,617.4268798828125,306.6877746582031,136.42257690429688,61.33906173706055,4320.06005859375
2023-09-25,604.6966552734375,302.6471252441406,135.7578887939453,61.19516372680664,4288.0498046875
2023-10-02,606.352294921875,292.2742004394531,136.83506774902344,59.55927658081055,4308.5
2023-10-09,587.083984375,289.2998046875,139.56988525390625,58.74589538574219,4327.77978515625
2023-10-16,575.0834350585938,280.64794921875,134.80752563476562,59.27596664428711,4224.16015625
2023-10-23,559.4161987304688,271.1636047363281,127.96106719970703,57.51212692260742,4117.3701171875
2023-10-30,615.4345703125,306.4351806640625,134.8546905517578,61.92628479003906,4358.33984375
2023-11-06,622.0100708007812,304.4616394042969,138.08932495117188,61.78007125854492,4415.240234375
2023-11-13,670.5174560546875,317.257080078125,144.1153564453125,64.14707946777344,4514.02001953125
2023-11-20,682.9016723632812,317.2196350097656,144.79432678222656,64.32073974609375,4559.33984375
2023-11-27,707.45458984375,328.57568359375,147.90635681152344,67.55593872070312,4594.6298828125
2023-12-04,701.2340087890625,330.8388977050781,149.49066162109375,67.60164642333984,4604.3701171875
2023-12-11,771.166259765625,358.8276672363281,155.81846618652344,70.94654846191406,4719.18994140625
2023-12-18,755.5545654296875,358.959716796875,157.86485290527344,70.54442596435547,4754.6298828125
2023-12-25,764.3868408203125,363.7879943847656,160.41107177734375,71.41958618164062,4769.830078125
2024-01-01,737.1089477539062,364.4197692871094,163.459228515625,72.11109161376953,4697.240234375
2024-01-08,752.8994140625,356.2249755859375,160.40391540527344,70.5436782836914,4783.830078125
2024-01-15,758.398193359375,360.42144775390625,161.59947204589844,69.9443588256836,4839.81005859375
2024-01-22,741.3178100585938,356.2626953125,163.4687042236328,69.25284576416016,4890.97021484375
2024-01-29,741.9769287109375,365.7588806152344,165.79342651367188,67.70384979248047,4958.60986328125
2024-02-05,750.6488647460938,362.3640441894531,166.05909729003906,67.15985107421875,5026.60986328125
2024-02-12,747.62646484375,362.5337829589844,169.87350463867188,66.83715057373047,5005.56982421875
2024-02-19,766.0723876953125,368.76708984375,174.57981872558594,67.84215545654297,5088.7998046875
2024-02-26,767.2399291992188,368.5787658691406,175.8133087158203,68.09110260009766,5137.080078125
2024-03-04,792.1719970703125,367.52459716796875,178.59347534179688,66.78182220458984,5123.68994140625
2024-03-11,760.3380737304688,367.7335510253906,180.5670928955078,66.84637451171875,5117.08984375
2024-03-18,781.4754638671875,386.357177734375,186.56382751464844,69.92591857910156,5234.18017578125
2024-03-25,789.879150390625,396.680419921875,190.05564880371094,71.93614196777344,5254.35009765625
2024-04-01,755.638671875,387.5443115234375,188.4442596435547,70.52197265625,5204.33984375
2024-04-08,723.2742309570312,369.8988342285156,174.452880859375,70.50336456298828,5123.41015625
2024-04-15,710.5596313476562,383.6789855957031,177.32559204101562,68.26117706298828,4967.22998046875
2024-04-22,722.7815551757812,406.0634765625,184.66488647460938,68.27976989746094,5099.9599609375
2024-04-29,723.7574462890625,416.1398010253906,181.82077026367188,69.21015167236328,5127.7900390625
2024-05-06,754.7954711914062,431.8572998046875,189.7040252685547,71.24767303466797,5222.68017578125
2024-05-13,769.528076171875,444.1939697265625,195.44944763183594,72.57809448242188,5303.27001953125
2024-05-20,740.8019409179688,437.98284912109375,191.55555725097656,70.1405258178711,5304.72021484375
2024-05-27,731.4506225585938,436.1810302734375,193.38796997070312,70.32658386230469,5277.509765625
2024-06-03,733.0885620117188,434.6427001953125,190.83021545410156,69.55438995361328,5346.990234375
2024-06-10,733.6988525390625,426.5692138671875,184.94161987304688,65.97246551513672,5431.60009765625
2024-06-17,751.1226196289062,430.12347412109375,187.34671020507812,67.20985412597656,5464.6201171875
2024-06-24,750.8555908203125,432.1681213378906,193.0348663330078,68.84730529785156,5460.47998046875
2024-07-01,753.9837646484375,444.04437255859375,196.53248596191406,69.23234558105469,5567.18994140625
2024-07-08,789.6229248046875,458.500244140625,196.67642211914062,73.77772521972656,5615.35009765625
2024-07-15,792.2264404296875,463.3252868652344,201.32125854492188,79.34673309326172,5505.0
2024-07-22,816.5455322265625,476.7970886230469,203.6820831298828,80.09803009033203,5459.10009765625
2024-07-29,806.8369750976562,449.67193603515625,191.11029052734375,75.98465728759766,5346.56005859375
2024-08-05,816.55517578125,468.4178466796875,197.5017547607422,73.44901275634766,5344.16015625
2024-08-12,832.0811767578125,481.7940979003906,205.34230041503906,76.23822784423828,5554.25
2024-08-19,841.9517822265625,486.7242126464844,209.50732421875,78.92412567138672,5634.60986328125
2024-08-26,860.0430908203125,490.4013671875,215.7356414794922,81.7978515625,5648.39990234375
2024-09-02,826.7689819335938,460.9532165527344,203.89320373535156,78.21977233886719,5408.419921875
2024-09-09,849.7067260742188,460.35736083984375,196.0814208984375,78.21038818359375,5626.02001953125
2024-09-16,891.0153198242188,479.0411376953125,202.57843017578125,83.11261749267578,5702.5498046875
2024-09-23,906.7675170898438,479.1180725097656,202.01223754882812,82.83088684082031,5738.169921875
2024-09-30,910.585693359375,475.8983459472656,203.94537353515625,82.7055435180664,5751.06982421875
2024-10-07,949.9853515625,496.21600341796875,214.6340789794922,85.0926513671875,5815.02978515625
2024-10-14,966.0635986328125,507.94146728515625,217.60801696777344,86.60826873779297,5864.669921875
2024-10-21,934.4537963867188,492.659912109375,214.65341186523438,85.6136474609375,5808.1201171875
2024-10-28,945.0159301757812,499.1473083496094,215.26170349121094,87.90602111816406,5728.7998046875
2024-11-04,997.0115356445312,566.337890625,228.81814575195312,89.7815933227539,5995.5400390625
2024-11-11,1004.7726440429688,570.451416015625,236.8612823486328,90.44469451904297,5870.6201171875
2024-11-18,994.3063354492188,579.3319702148438,239.98968505859375,92.358154296875,5969.33984375
2024-11-25,981.2018432617188,584.8967895507812,241.119384765625,93.31489562988281,6032.3798828125
2024-12-02,1005.4097900390625,579.2078247070312,238.84068298339844,93.22017669677734,6090.27001953125
2024-12-09,1018.5887451171875,565.4925537109375,231.6762237548828,95.16205596923828,6051.08984375
2024-12-16,991.739013671875,546.7741088867188,229.41683959960938,93.021240234375,5930.85009765625
2024-12-23,1006.6727905273438,556.5100708007812,232.86386108398438,93.3812026977539,5970.83984375
2024-12-30,984.1614379882812,560.3251342773438,234.90118408203125,93.24118041992188,5942.47021484375
2025-01-06,921.3131713867188,540.8823852539062,232.80479431152344,89.65168762207031,5827.0400390625
2025-01-13,968.861572265625,604.5712890625,251.5266571044922,93.2030029296875,5996.66015625
2025-01-20,983.7951049804688,615.1572265625,257.039306640625,94.56815338134766,6101.240234375
2025-01-27,1036.86767578125,618.5377197265625,259.4268798828125,97.01206970214844,6040.52978515625
2025-02-03,956.4055786132812,633.508544921875,267.676513671875,94.93092346191406,6025.990234375
2025-02-10,938.9365234375,637.9996948242188,268.4432678222656,94.66361999511719,6114.6298828125
2025-02-17,939.2256469726562,604.2428588867188,256.45703125,94.22447967529297,6013.1298828125
2025-02-24,942.6578369140625,604.0263061523438,256.85491943359375,94.73045349121094,5954.5
2025-03-03,917.8897705078125,543.2442016601562,235.14381408691406,85.5848388671875,5770.2001953125
2025-03-10,900.2283325195312,525.5200805664062,225.59364318847656,82.8736343383789,5638.93994140625
2025-03-17,922.5521850585938,548.5536499023438,234.512939453125,86.44403076171875,5667.56005859375
2025-03-24,917.676513671875,527.1798706054688,235.69703674316406,85.00251007080078,5580.93994140625
2025-03-31,797.4003295898438,456.99212646484375,205.3434295654297,73.41567993164062,5074.080078125
2025-04-07,851.8388061523438,479.9286193847656,230.6549072265625,76.45821380615234,5363.35986328125
2025-04-14,848.9307250976562,494.5368957519531,226.5144805908203,78.23944854736328,5282.7001953125
2025-04-21,879.8623657226562,528.8687744140625,237.83236694335938,84.13195037841797,5525.2099609375
2025-04-28,900.7130126953125,549.4854736328125,246.58203125,87.16485595703125,5686.669921875
2025-05-05,895.1295166015625,550.4561157226562,247.13865661621094,90.32293701171875,5659.91015625
2025-05-12,959.3678588867188,600.862060546875,261.2787170410156,94.63641357421875,5958.3798828125
2025-05-19,933.651123046875,580.973388671875,254.58953857421875,92.52781677246094,5802.81982421875
2025-05-26,949.8489379882812,585.7324829101562,257.80230712890625,92.70112609863281,5911.68994140625
2025-06-02,963.8055419921875,598.9503173828125,259.49169921875,94.95413970947266,6000.35986328125
2025-06-09,947.0153198242188,598.5015869140625,258.73004150390625,92.56632995605469,5976.97021484375
2025-06-16,949.5684204101562,625.0933837890625,268.5440673828125,95.91698455810547,5967.83984375
2025-06-23,1021.0753784179688,673.8776245117188,280.3697509765625,102.059814453125,6173.06982421875
2025-06-30,1054.5291748046875,705.94189453125,290.4435729980469,106.97415161132812,6279.35009765625
2025-07-07,1073.5216064453125,687.6710815429688,281.47515869140625,106.24683380126953,6259.75
2025-07-14,1075.4219970703125,690.89990234375,285.8023986816406,105.22858428955078,6296.7900390625
2025-07-21,1094.6094970703125,711.1119995117188,293.0144348144531,109.5149154663086,6388.64013671875
2025-07-28,1063.932861328125,692.1778564453125,283.93804931640625,105.30615234375,6238.009765625
2025-08-04,1096.2562255859375,703.591064453125,283.33953857421875,107.72086334228516,6389.4501953125
2025-08-11,1106.0400390625,712.809326171875,285.0370178222656,107.71116638183594,6449.7998046875
2025-08-18,1118.8641357421875,723.7056274414062,290.6790771484375,111.98780822753906,6466.91015625
2025-08-25,1098.3709716796875,730.8748779296875,295.7618713378906,111.49322509765625,6460.259765625
2025-09-01,1076.1522216796875,723.970703125,288.8540344238281,109.5343017578125,6481.5
2025-09-08,1099.9044189453125,765.0134887695312,301.1488037109375,109.03974151611328,6584.2900390625
2025-09-15,1118.937744140625,789.472412109375,308.8710632324219,110.06768035888672,6664.35986328125
2025-09-22,1132.2530517578125,787.0304565429688,310.12701416015625,112.2108383178711,6643.7001953125
2025-09-29,1136.4044189453125,774.7420654296875,304.21026611328125,113.68374633789062,6715.7900390625
2025-10-06,1108.667236328125,749.6162719726562,296.6772155761719,108.42838287353516,6552.509765625
2025-10-13,1136.8646240234375,736.2884521484375,293.3938293457031,108.7898178100586,6664.009765625
2025-10-20,1112.8477783203125,768.759765625,296.2334899902344,113.42977142333984,6791.68994140625
2025-10-27,1060.1539306640625,774.1439819335938,306.7639465332031,112.98043060302734,6840.2001953125
2025-11-03,1059.556640625,771.1723022460938,309.8106994628906,115.56903076171875,6728.7998046875
2025-11-10,1035.80419921875,775.6541137695312,299.35906982421875,114.13308715820312,6734.10986328125
2025-11-17,993.4886474609375,759.0997924804688,293.84735107421875,111.7105484008789,6602.990234375
2025-11-24,1025.3870849609375,810.1065673828125,308.6965026855469,116.2625732421875,6849.08984375
2025-12-01,1054.83642578125,842.231201171875,310.62908935546875,120.74624633789062,6870.39990234375
2025-12-08,1071.4927978515625,875.1493530273438,314.06036376953125,124.7121810913086,6827.41015625
2025-12-15,1043.0401611328125,880.5896606445312,312.7686767578125,125.52294158935547,6834.5
2025-12-22,1070.528564453125,893.9540405273438,323.3188781738281,129.2153778076172,6929.93994140625
2025-12-29,1067.5279541015625,901.1488647460938,320.92291259765625,126.90605163574219,6858.47021484375
2026-01-05,1067.5672607421875,925.4332885742188,326.0450744628906,130.34738159179688,6966.27978515625
2026-01-12,1144.3758544921875,948.1211547851562,309.48480224609375,125.8736572265625,6940.009765625
2026-01-19,1111.6531982421875,905.623291015625,294.875732421875,123.97601318359375,6915.60986328125
2026-01-26,1100.8603515625,921.914794921875,302.9676818847656,128.66604614257812,6939.02978515625
2026-02-02,1039.311279296875,915.3508911132812,319.3199462890625,130.13107299804688,6932.2998046875
2026-02-09,1054.1968994140625,892.0814819335938,299.6595764160156,125.8244857788086,6836.169921875
2026-02-16,1075.96923828125,908.934814453125,307.82086181640625,125.79499816894531,6909.509765625
2026-02-23,1046.0506591796875,847.1689453125,297.4310607910156,126.4636001586914,6878.8798828125
2026-03-02,945.2452392578125,813.8298950195312,286.7144470214844,119.01067352294922,6740.02001953125
2026-03-09,914.2399291992188,774.982177734375,280.7321472167969,119.30564880371094,6632.18994140625
2026-03-16,947.6788940429688,806.0128173828125,283.8223571777344,119.92509460449219,6506.47998046875
2026-03-23,923.8759155273438,795.4711303710938,280.13787841796875,120.46586608886719,6368.85009765625
2026-03-30,956.236572265625,855.0653076171875,291.7855224609375,127.48673248291016,6582.68994140625
2026-04-06,988.6367797851562,899.4117431640625,308.4803161621094,137.99844360351562,6816.89013671875
2026-04-13,1040.902587890625,917.39404296875,308.8984375,143.94715881347656,7126.06005859375
2026-04-20,1033.80908203125,918.3451538085938,306.8974609375,149.20301818847656,7165.080078125
2026-04-27,1050.3406982421875,915.1747436523438,311.06866455078125,150.45016479492188,7230.1201171875
2026-05-04,1073.2432861328125,927.8267211914062,300.74517822265625,147.9657745361328,7398.93017578125
2026-05-11,1070.3447265625,939.7059326171875,296.4743957519531,151.29150390625,7408.5
2026-05-18,1061.5396728515625,987.5199584960938,305.0059814453125,152.38027954101562,7473.47021484375
2026-05-25,1035.6986083984375,1016.0836791992188,297.9676818847656,154.05307006835938,7580.06005859375
2026-06-01,990.516845703125,1033.6177978515625,310.9691162109375,160.10076904296875,7383.740234375
2026-06-08,1026.73095703125,1057.5704345703125,319.28167724609375,165.92080688476562,7431.4599609375
2026-06-15,1044.7286376953125,1091.2156982421875,323.761474609375,166.5938720703125,7500.580078125
2026-06-22,959.7846069335938,1014.6406860351562,327.57427978515625,166.39590454101562,7354.02001953125
2026-06-29,990.6461791992188,1016.02392578125,332.9700012207031,169.79055786132812,7483.240234375
2026-07-06,1030.8199462890625,1050.037353515625,336.4700012207031,179.2703399658203,7575.39013671875
2026-07-13,1066.7257080078125,1060.0283203125,341.1000061035156,181.53831481933594,7457.68994140625
2026-07-20,1050.2801513671875,1056.057861328125,353.2099914550781,184.42303466796875,7411.97998046875
2026-07-27,1084.8228759765625,1013.4166870117188,351.7900085449219,183.1895751953125,7489.72021484375
2026-08-03,1130.5880126953125,1034.543212890625,357.5199890136719,183.7068328857422,7757.64013671875
2026-08-10,1167.7374267578125,1034.3541259765625,362.8399963378906,190.72964477539062,7785.759765625
2026-08-17,1150.6451416015625,1034.21484375,351.5799865722656,186.14393615722656,7674.3701171875
2026-08-24,1158.5345458984375,1028.9505615234375,357.6199951171875,192.31124877929688,7711.759765625
2026-08-31,1116.56005859375,1038.6099853515625,358.6400146484375,193.23634338378906,7718.60009765625
2026-09-07,1079.6500244140625,1029.1800537109375,356.2300109863281,192.38087463378906,7656.97998046875
2026-09-14,1069.780029296875,942.0,349.6700134277344,181.9063720703125,7650.5
2026-09-21,1086.31005859375,935.4500122070312,343.05999755859375,180.38442993164062,7743.41015625
2026-09-28,1059.6300048828125,902.5599975585938,332.3800048828125,175.9600067138672,7722.72021484375
